species,NCBI_taxonomy_ID,percent present,mean reads,total reads
Acidaminococcus_fermentans,905,6.227667177131191,1.688327586822987,3307.4337425862313
Acidaminococcus_intestini,187327,8.831036242981117,5.845783620924682,11451.890113391453
Acidaminococcus_sp. CAG:542,1262687,77.28432873915263,203.7589671138753,399163.8165760817
Acinetobacter_albensis,1673609,0.45941807044410643,0.1048677124249509,205.4358486404788
Acinetobacter_apis,1229165,1.071975497702915,0.13673039917438076,267.85485198261193
Acinetobacter_baumannii,470,21.490556406329762,3676.2062045971547,7201687.954805826
Acinetobacter_baylyi,202950,1.3782542113323082,0.40465996306516894,792.7288676446659
Acinetobacter_beijerinckii,262668,0.6636038795303723,0.8367110345145687,1639.11691661404
Acinetobacter_bereziniae,106648,2.807554874936191,0.6645193008470037,1301.7933103592802
Acinetobacter_bohemicus,1435036,4.900459418070446,0.6179884736254755,1210.6394198323064
Acinetobacter_boissieri,1219383,1.3782542113323082,0.16093380969217852,315.26933318697775
Acinetobacter_bouvetii,202951,0.9188361408882129,0.06625782556661286,129.7990802849946
Acinetobacter_brisouii,396323,0.20418580908626582,0.04841070992330489,94.83658073975427
Acinetobacter_calcoaceticus,471,5.870342011230223,9.580347996784669,18767.901725701166
Acinetobacter_celticus,1891224,1.5313935681470103,0.2565015358417238,502.486508713937
Acinetobacter_chinensis,2004650,3.369065849923425,0.6061423949725185,1187.4329517511637
Acinetobacter_colistiniresistens,280145,2.6033690658499253,0.9391332482291531,1839.762033280911
Acinetobacter_cumulans,2136182,2.7054619703930527,1.1153148444372603,2184.9017802525927
Acinetobacter_defluvii,1871111,0.9698825931597765,0.23559051392481992,461.5218167787222
Acinetobacter_dispersus,70348,0.8167432363450744,0.19571004598470088,383.395980084029
Acinetobacter_equi,1324350,1.6845329249617125,0.4534851411160234,888.3773914462898
Acinetobacter_gandensis,1443941,0.8167432363450744,0.08881688731912196,173.99228225815992
Acinetobacter_gerneri,202952,1.8376722817764146,0.41662856318375696,816.1753552769799
Acinetobacter_guillouiae,106649,1.5313935681470103,0.9452475674027762,1851.7399845420384
Acinetobacter_gyllenbergii,134534,0.3062787136294043,0.07800753826852039,152.81676746803143
Acinetobacter_haemolyticus,29430,12.81265952016335,3.0635581089170087,6001.51033536842
Acinetobacter_idrijaensis,1507807,0.15313935681470214,0.011623689795880503,22.770808310129905
Acinetobacter_indicus,756892,6.482899438489021,1.5640140030116079,3063.9034318997396
Acinetobacter_johnsonii,40214,9.596733027054615,5.869717225041047,11498.77604385541
Acinetobacter_junii,40215,3.011740684022457,2.231752485983475,4372.003120041628
Acinetobacter_kookii,1226327,0.8677896886166381,0.1721625292523957,337.26639480544316
Acinetobacter_kyonggiensis,595670,1.5824400204185851,0.8990162950043988,1761.1729219136173
Acinetobacter_lactucae,1785128,0.7656967840735107,2.426182061649236,4752.890658770853
Acinetobacter_lanii,2715163,0.8677896886166381,0.10588596334907908,207.43060220084593
Acinetobacter_larvae,1789224,1.429300663603883,0.13369328307916445,261.90514155208314
Acinetobacter_lwoffii,28090,11.893823379275137,4.315213070922699,8453.502405937566
Acinetobacter_marinus,281375,1.6845329249617125,0.1722249672207957,337.38871078553876
Acinetobacter_nectaris,1219382,2.450229709035223,0.3955153181563288,774.8145082682481
Acinetobacter_nosocomialis,106654,6.278713629402755,16.246661270800505,31827.20942949819
Acinetobacter_oleivorans,1148157,0.3062787136294043,0.9145032374547469,1791.5118421738493
Acinetobacter_parvus,134533,0.8677896886166381,0.36544721933964486,715.9111026863643
Acinetobacter_piscicola,2006115,2.6033690658499253,0.493268459806181,966.3129127603086
Acinetobacter_pittii,48296,7.350689127105669,36.320936908856744,71152.71540445035
Acinetobacter_populi,1582270,1.3782542113323082,0.11202130737212843,219.4497411419996
Acinetobacter_portensis,1839785,3.879530372639106,1.3084597934586844,2563.2727353855626
Acinetobacter_pragensis,1806892,2.6033690658499253,0.2053982953150358,402.37526052215514
Acinetobacter_proteolyticus,1776741,0.35732516590096797,0.09310909433364771,182.40071579961585
Acinetobacter_pseudolwoffii,2053287,1.0209290454313402,0.1391664166757919,272.62701026787636
Acinetobacter_puyangensis,1096779,0.9698825931597765,0.3327686175459635,651.8937217725424
Acinetobacter_qingfengensis,1262585,5.359877488514552,0.9292728277921336,1820.4454696447897
Acinetobacter_radioresistens,40216,3.1138335885655954,1.5153147830791978,2968.5016600521485
Acinetobacter_rudis,632955,1.786625829504851,0.44802203360266146,877.6751638276138
Acinetobacter_schindleri,108981,17.76416539050536,4.901691988632906,9602.414605731863
Acinetobacter_seifertii,1530123,7.554874936191935,17.611501623757437,34500.93168094082
Acinetobacter_septicus,465797,0.45941807044410643,0.17642074825791856,345.6082458372625
Acinetobacter_shaoyimingii,2715164,2.0418580908626804,0.7058912538927018,1382.8409663758027
Acinetobacter_sichuanensis,2136183,16.845329249617148,2.658222081180328,5207.457057032263
Acinetobacter_silvestris,1977882,0.9188361408882129,0.15853781009591908,310.5755699779055
Acinetobacter_soli,487316,1.3272077590607445,0.2835484979531912,555.4715074903015
Acinetobacter_sp. 10FS3-1,2563897,2.501276161306787,0.7980746006128713,1563.4281426006148
Acinetobacter_sp. ACNIH1,1636603,0.10209290454313846,0.012009962118657088,23.527515790449236
Acinetobacter_sp. ACNIH2,1758189,1.1740684022460424,0.1911093794637585,374.3832743695029
Acinetobacter_sp. AHP123,2913495,1.2761613067891808,0.6012188038583659,1177.7876367585388
Acinetobacter_sp. AM,2170730,0.20418580908626582,0.037896668159044994,74.23957292356914
Acinetobacter_sp. ANC 3789,1217714,0.6125574272588086,0.12163905068789507,238.29090029758646
Acinetobacter_sp. ANC 3813,1977873,1.6334864726901488,0.21433034554830838,419.8731469291361
Acinetobacter_sp. ANC 3832,1977874,2.0929045431342552,0.7106866551003665,1392.235157341618
Acinetobacter_sp. ANC 3903,1977883,0.35732516590096797,0.06212091634303424,121.69487511600407
Acinetobacter_sp. ANC 3929,1217707,1.9908116385911168,0.9154669129877034,1793.399682542911
Acinetobacter_sp. ANC 4169,1977879,1.1230219499744787,0.12549013037941523,245.83516541327444
Acinetobacter_sp. ANC 4218,1977880,0.45941807044410643,0.7414834508114234,1452.5660801395784
Acinetobacter_sp. ANC 4470,1977881,1.5824400204185851,0.416651731336197,816.2207416876099
Acinetobacter_sp. ANC 4558,1977876,3.369065849923425,0.8043768123505194,1575.7741753946675
Acinetobacter_sp. ANC 4648,1977875,1.5313935681470103,0.20701342907096565,405.5393075500217
Acinetobacter_sp. ANC 5054,1977877,1.8376722817764146,0.3152433228242084,617.5616694126243
Acinetobacter_sp. AS23,2871688,2.0929045431342552,1.7224028485304772,3374.187180271205
Acinetobacter_sp. ASP199,2773709,1.939765186319553,0.2535700627357827,496.7437528993983
Acinetobacter_sp. Ac-14,2781976,0.10209290454313846,5.9688082637402635,11692.895388667177
Acinetobacter_sp. BEC1-S18-ESBL-01,2675741,0.05104645227156368,0.341913651624073,669.808843531559
Acinetobacter_sp. BHS4,2836181,0.20418580908626582,1.4304771867638801,2802.3048088704413
Acinetobacter_sp. C16S1,2609668,0.6125574272588086,0.24212111616428905,474.31526656584225
Acinetobacter_sp. C32I,2950074,0.6636038795303723,0.08377327383161325,164.11184343613036
Acinetobacter_sp. CIP 110321,1217699,0.5104645227156701,0.24854127798168893,486.8923635661286
Acinetobacter_sp. CS-2,2798861,0.6636038795303723,0.1267433797135123,248.2902808587706
Acinetobacter_sp. Colony158,2810070,0.20418580908626582,0.07993368198675685,156.59008301205668
Acinetobacter_sp. F9,2853158,0.7656967840735107,0.13736110502286478,269.0904047397921
Acinetobacter_sp. FDAARGOS_493,2420300,0.2552322613578406,7.502095225749387,14696.604547243049
Acinetobacter_sp. FDAARGOS_494,2420301,0.10209290454313846,120.47688078201845,236014.20945197417
Acinetobacter_sp. FDAARGOS_560,2420305,0.05104645227156368,378.2191438344504,740931.3027716883
Acinetobacter_sp. FDAARGOS_724,2545797,0.20418580908626582,0.04884352456260006,95.68446461813352
Acinetobacter_sp. HR7,1509403,0.7146503318019359,0.08775895603623259,171.91979487497963
Acinetobacter_sp. LUNF3,2925837,0.3062787136294043,0.046794415998140826,91.67026094035788
Acinetobacter_sp. LoGeW2-3,1808001,0.9698825931597765,0.07823122618785758,153.254972102013
Acinetobacter_sp. MYb10,1827285,0.9698825931597765,0.10911560170268646,213.75746373556277
Acinetobacter_sp. Marseille-Q1620,2714110,0.8167432363450744,0.14481698082659644,283.6964654393024
Acinetobacter_sp. NCu2D-2,1608473,1.4803471158754467,0.33197890642696415,650.3466776904228
Acinetobacter_sp. NEB 394,2743575,0.7656967840735107,0.3508823789458675,687.3785803549545
Acinetobacter_sp. NEB149,2725684,0.5104645227156701,0.11043119324551312,216.3347075679602
Acinetobacter_sp. NIPH 2100,1217708,1.786625829504851,0.2679384936520655,524.8915090643964
Acinetobacter_sp. NyZ410,2929509,3.8284839203675314,0.7107934088370224,1392.4442879117269
Acinetobacter_sp. PK01,2930198,0.40837161817253165,0.048512093192113366,95.03519056335008
Acinetobacter_sp. RUH 2624,575564,0.3062787136294043,0.6567585755239287,1286.5900494513762
Acinetobacter_sp. SCLZS86,2908637,1.8376722817764146,1.6408815891279835,3214.4870331017196
Acinetobacter_sp. SFB,1805634,1.3782542113323082,0.43054711383444877,843.4417960016851
Acinetobacter_sp. SH20PTE14,2905879,0.15313935681470214,0.025219155257203973,49.40432514886258
Acinetobacter_sp. SWBY1,2079596,0.2552322613578406,0.07845902874664475,153.70123731467706
Acinetobacter_sp. TGL-Y2,1407071,4.3389484430832015,1.1195095019425443,2193.1191143054443
Acinetobacter_sp. TTH0-4,1646498,4.95150587034201,1.538639878835859,3014.195522639448
Acinetobacter_sp. Tol 5,710648,0.2552322613578406,0.11388775756409414,223.10611706806043
Acinetobacter_sp. WC-141,903915,0.40837161817253165,1.9212335906286564,3763.6966040415377
Acinetobacter_sp. WCHA45,2004644,0.45941807044410643,0.10165219627538966,199.13665250348834
Acinetobacter_sp. WCHA55,2004646,0.9698825931597765,0.40526992893061353,793.9237907750719
Acinetobacter_sp. WCHAc010034,1879049,4.492087799897904,0.8206468966240499,1607.6472704865137
Acinetobacter_sp. WCHAc010052,2004647,1.429300663603883,0.49092341307448045,961.7189662129072
Acinetobacter_sp. WY4,2708348,0.45941807044410643,0.04454275225150918,87.25925166070648
Acinetobacter_sp. XS-4,2923375,0.45941807044410643,1.8479869459112999,3620.2064270402366
Acinetobacter_sp. Y-23,2943497,1.6334864726901488,0.274747848466477,538.2310351458284
Acinetobacter_sp. YH12068_T,2929515,0.6125574272588086,0.23017402778398255,450.91092042882184
Acinetobacter_sp. YH12138,2601122,0.8167432363450744,0.20299147318407038,397.66029596759387
Acinetobacter_sp. YH16040_T,2929512,0.10209290454313846,0.026668337300669427,52.24327277201141
Acinetobacter_sp. YH16056_T,2929514,3.0627871362940318,0.5734605859747708,1123.409287924576
Acinetobacter_sp. Z1,2953738,0.5104645227156701,0.3527383478310417,691.0144234010106
Acinetobacter_stercoris,2126983,0.40837161817253165,0.16828610301779945,329.6724758118691
Acinetobacter_tandoii,202954,0.6636038795303723,0.12875747532415813,252.23589416002577
Acinetobacter_tjernbergiae,202955,1.4803471158754467,0.25249776284831493,494.643117419849
Acinetobacter_towneri,202956,3.011740684022457,2.0700306422638435,4055.1900281948692
Acinetobacter_ursingii,108980,1.8887187340479783,0.580507952839831,1137.215079613229
Acinetobacter_variabilis,70346,1.6334864726901488,1.4330854654034444,2807.4144267253478
Acinetobacter_venetianus,52133,2.5523226135783617,0.6641966990959948,1301.1613335290538
Acinetobacter_wanghuae,2662362,1.8887187340479783,0.18967732256194908,371.5778748988582
Acinetobacter_wuhouensis,1879050,3.3180193976518613,0.6848635445317409,1341.6476837376804
Actinobaculum_massiliense,202789,25.01276161306789,53.4040741470729,104618.58125411581
Actinobaculum_sp. 313,2495645,3.522205206738127,0.3639848161675083,713.0462548721487
Actinobaculum_sp. oral taxon 183,712888,2.6033690658499253,0.2739779498823002,536.7228038194261
Actinobaculum_suis,1657,4.3389484430832015,0.8242932936605865,1614.7905622810888
Actinomyces_bovis,1658,6.687085247575297,6.642177728221955,13012.02616958681
Actinomyces_faecalis,2722820,4.3389484430832015,0.8054653954591015,1577.9067097043796
Actinomyces_gaoshouyii,1960083,12.149055640632977,1.0031254178446303,1965.1226935576308
Actinomyces_glycerinitolerans,1892869,0.2552322613578406,0.02749690632360889,53.86643948794982
Actinomyces_graevenitzii,55565,4.543134252169478,0.6256587561720213,1225.6655033409897
Actinomyces_howellii,52771,2.0929045431342552,0.2768176771497264,542.2858295363139
Actinomyces_johnsonii,544581,2.0929045431342552,0.20801901133643388,407.509243208074
Actinomyces_lilanjuaniae,2321394,1.8887187340479783,0.1755150534701138,343.83398974795296
Actinomyces_marmotae,2737173,1.2761613067891808,0.13188176132733803,258.3563704402552
Actinomyces_massiliensis,461393,5.053598774885149,0.8753811887713275,1714.8717488030306
Actinomyces_naeslundii,1655,2.450229709035223,1.084337114617585,2124.216407535849
Actinomyces_oris,544580,4.0837161817253715,2.289535980405142,4485.200985613673
Actinomyces_pacaensis,1852377,3.2669729453802976,0.7496858041785281,1468.6344903857366
Actinomyces_procaprae,2560010,1.7355793772332873,0.2213583102390705,433.6409297583391
Actinomyces_qiguomingii,2057800,2.450229709035223,0.2020720540574884,395.8591538986198
Actinomyces_radicidentis,111015,2.2460438999489574,0.41542622529066403,813.8199753444109
Actinomyces_respiraculi,2744574,2.450229709035223,0.24887952650798956,487.5549924291515
Actinomyces_ruminicola,332524,1.8376722817764146,0.17341085335769213,339.7118617277189
Actinomyces_slackii,52774,2.9096477794793296,0.1787216675005376,350.11574663355316
Actinomyces_sp. 432,2057798,2.0418580908626804,0.19041467163851808,373.0223417398569
Actinomyces_sp. HMT 175,2789425,2.9606942317508933,0.9067952088166228,1776.411814071764
Actinomyces_sp. HMT897,2789424,1.071975497702915,0.17380060850992265,340.4753920709385
Actinomyces_sp. ICM47,936548,4.849412965798871,0.6902066097486365,1352.1147484975788
Actinomyces_sp. MAS-1,2755559,2.1949974476773826,0.190262330626126,372.7239056965808
Actinomyces_sp. S6-Spd3,1284680,7.86115364982134,3.7509926140771412,7348.19453097712
Actinomyces_sp. Z16,2079536,0.7656967840735107,0.15181181597094082,297.39934748707304
Actinomyces_sp. oral taxon 169,712116,6.278713629402755,2.4562430980655,4811.780229110314
Actinomyces_sp. oral taxon 170,712117,1.7355793772332873,0.16724876438674682,327.640329433637
Actinomyces_sp. oral taxon 171,706438,1.939765186319553,0.4329871218665316,848.2217717365354
Actinomyces_sp. oral taxon 180,651609,1.6334864726901488,1.7114631064794428,3352.7562255932285
Actinomyces_sp. oral taxon 181,712121,6.482899438489021,4.089173174755554,8010.69024934613
Actinomyces_sp. oral taxon 414,712122,3.522205206738127,0.6578835095039273,1288.7937951181934
Actinomyces_sp. oral taxon 448,712124,4.287901990811638,0.6559177510834254,1284.9428743724304
Actinomyces_sp. oral taxon 897,2081702,1.1740684022460424,0.20641229109099735,404.3616782472638
Actinomyces_sp. zg-332,2708340,5.155691679428276,1.599269862029055,3132.969659714919
Actinomyces_trachealis,2763540,3.2669729453802976,0.4267045515190386,835.9142164257966
Actinomyces_urogenitalis,103621,10.209290454313425,18.749562383108394,36730.392708509346
Actinomyces_viscosus,1656,2.1949974476773826,0.3014002981004007,590.4431839786849
Actinomyces_weissii,675090,2.2460438999489574,0.251250470248345,492.1996712165079
Actinomyces_wuliandei,2057743,1.2761613067891808,0.1005642771302221,197.0054188981051
Actinotignum_schaalii,59505,17.15160796324655,49.8549119035979,97665.77241914828
Actinotignum_timonense,1870995,27.003573251659006,80.7470139200836,158183.40026944378
Actinotignum_urinale,190146,15.875446656457381,8.604474361941554,16856.165275043502
Aerococcus_christensenii,87541,52.27156712608474,2152.8961939330825,4217523.643914908
Aerococcus_sanguinicola,119206,8.26952526799387,2.415639266038491,4732.237322169403
Aerococcus_suis,371602,7.810107197549765,1.5721152489454457,3079.7737726841283
Aerococcus_urinae,1376,31.393568147013784,34.2168571893328,67030.82323390295
Aerococcus_urinaeequi,51665,8.218478815722307,3.642488057790128,7135.634105210861
Aerococcus_urinaehominis,128944,4.69627360898418,0.3968807396967069,777.4893690658488
Aerococcus_viridans,1377,4.7983665135273075,1.0660480690880194,2088.38816734343
Agathobaculum_[Eubacterium] siraeum,39492,4.900459418070446,5.477481971846065,10730.387182846442
Agathobaculum_butyriciproducens,1628085,7.810107197549765,5.645085050805997,11058.721614528948
Aggregatibacter_actinomycetemcomitans,714,5.921388463501787,2.2391111511876054,4386.418745176519
Aggregatibacter_aphrophilus,732,5.97243491577335,2.591333762678927,5076.422841088018
Aggregatibacter_segnis,739,62.225625319040326,8.839630728872287,17316.83659786081
Aggregatibacter_sp. 2125159857,2820817,1.3272077590607445,1.1000469466266483,2154.991968441604
Aggregatibacter_sp. Marseille-P9115,2866570,1.4803471158754467,2.8148844412045975,5514.3586203198065
Aggregatibacter_sp. oral taxon 458,712148,1.225114854517606,1.5134895909976607,2964.926108764417
Aggregatibacter_sp. oral taxon 513,712150,3.7774374680959677,5.1408130189825645,10070.852704186844
Akkermansia_glycaniphila,1679444,1.6334864726901488,0.10578182308602278,207.22659142551862
Akkermansia_muciniphila,239935,13.629402756508425,25.040029867578447,49053.418510586176
Alcaligenes_ammonioxydans,2582914,0.15313935681470214,0.06173706276418554,120.94290595503946
Alcaligenes_aquatilis,323284,1.786625829504851,1.88408848321687,3690.9293386218483
Alcaligenes_faecalis,511,30.627871362940272,223.02045424954613,436897.06987486087
Alcaligenes_sp. 1735tsa3,2953809,0.3062787136294043,0.48405389745101424,948.2615851065369
Alcaligenes_sp. DN25,1367435,0.15313935681470214,0.2564006803870487,502.2889328782285
Alcaligenes_sp. NLF5-7,2918755,0.6125574272588086,0.22565923586950135,442.0664430683531
Alcaligenes_sp. SORT26,2813780,4.032669729453808,1.4881511724439738,2915.2881468177447
Alistipes_communis,2585118,5.717202654415521,2.826330348469322,5536.7811526514015
Alistipes_dispar,2585119,4.44104134762634,0.8610588105751263,1686.8142099166726
Alistipes_finegoldii,214856,7.350689127105669,3.1506579840326214,6172.138990719905
Alistipes_indistinctus,626932,4.849412965798871,1.3715669957987646,2686.8997447697798
Alistipes_inops,1501391,3.573251659009702,1.7212706522346959,3371.969207727769
Alistipes_megaguti,2364787,3.4201123021949997,1.0681016726016197,2092.411176626573
Alistipes_onderdonkii,328813,4.287901990811638,25.574431571433326,50100.31144843789
Alistipes_putredinis,28117,4.900459418070446,9.019305022800035,17668.81853966527
Alistipes_senegalensis,1288121,3.6753445635528292,0.8730800664301294,1710.3638501366233
Alistipes_shahii,328814,5.206738131699851,3.662098003220159,7174.049988308292
Alistipes_sp. An31A,1965631,2.1949974476773826,0.35090048905204924,687.4140580529645
Alistipes_sp. An66,1965650,2.297090352220521,0.3313612570310003,649.1367025237296
Alistipes_sp. CAG:831,1262698,2.450229709035223,0.2830730684277762,554.5401410500135
Alistipes_sp. CHKCI003,1780376,4.236855538540074,1.3946541830693495,2732.127544632856
Alistipes_sp. dk3624,2662363,6.891271056661563,2.322141521678574,4549.075240968326
Alistipes_timonensis,1465754,2.7565084226646275,0.4827571717954024,945.7212995471933
Alloprevotella_rava,671218,8.065339458907605,5.37213026106365,10524.00318142369
Alloprevotella_sp. oral taxon 473,712469,5.359877488514552,1.8301049708223134,3585.175637840912
Alloprevotella_tannerae,76122,10.66870852475753,57.05096999764774,111762.85022539193
Alloscardovia_macacae,1160091,5.359877488514552,6.324507082327134,12389.709374278857
Alloscardovia_omnicolens,419015,26.952526799387442,648.6766365118924,1270757.5309267973
Anaerobutyricum_hallii,39488,12.965798876978052,9.268757009711896,18157.494982025604
Anaerococcus_hydrogenalis,33029,47.524247064829,105.3373557981636,206355.8800086025
Anaerococcus_lactolyticus,33032,45.58448187850944,392.75311002146805,769403.3425320559
Anaerococcus_mediterraneensis,1870984,35.987748851454825,73.86197718494543,144695.6133053081
Anaerococcus_nagyae,1755241,25.6253190403267,18.187352213447358,35629.022986143376
Anaerococcus_obesiensis,1287640,32.05717202654416,60.30952111321253,118146.35186078335
Anaerococcus_octavius,54007,33.48647269014804,26.648759681201184,52204.92021547312
Anaerococcus_prevotii,33034,42.77692700357325,58.569602833075486,114737.85194999487
Anaerococcus_tetradius,33036,39.305768249106684,550.4885926916387,1078407.1530829202
Anaerococcus_vaginalis,33037,29.555895865237368,45.346049324473476,88832.91062664354
Anaeroglobus_geminatus,156456,19.65288412455334,143.44797965075736,281014.5921358337
Anaerolineaceae bacterium oral taxon 439,1889813,4.236855538540074,1.5479572291464072,3032.4482118978117
Anaerostipes_caccae,105841,5.308831036242978,1.6005139586289172,3135.4068449540487
Anaerostipes_hadrus,649756,10.362429811128127,14.40749418292525,28224.281104350564
Anaerostipes_rhamnosivorans,1229621,24.40020418580908,2.9321168123259636,5744.016835346562
Anaerostipes_sp. 494a,1261636,8.116385911179169,2.7876929679379963,5461.090524190535
Anaerostipes_sp. 992a,1261637,7.044410413476266,1.8225220393321784,3570.3206750517375
Atopobium_deltae,1393034,40.12251148545176,204.9588469923556,401514.3812580246
Atopobium_minutum,1381,23.634507401735583,54.81630365457597,107385.13885931432
Atopobium_sp. oral taxon 416,712157,7.146503318019393,7.769733534966609,15220.907994999587
Bacillus_albus,2026189,0.20418580908626582,0.5307251446025367,1039.6905582763695
Bacillus_altitudinis,293387,5.46197039305768,1.2385471652719104,2426.3138967676728
Bacillus_amyloliquefaciens,1390,4.747320061255744,2.2445304513299327,4397.035154155338
Bacillus_anthracis,1392,8.728943338437977,5.385724544024946,10550.634381744869
Bacillus_aquiflavi,2672567,4.389994895354777,0.7580952465990357,1485.108588087511
Bacillus_atrophaeus,1452,1.9908116385911168,0.12628980303339274,247.40172414241638
Bacillus_australimaris,1326968,0.5104645227156701,0.028220404057655482,55.28377154894709
Bacillus_badius,1455,5.155691679428276,0.46691717817992345,914.6907520544701
Bacillus_bombysepticus,658666,0.45941807044410643,0.25554359980573227,500.60991201942954
Bacillus_cabrialesii,2487276,0.35732516590096797,0.01351074614686614,26.467551701710768
Bacillus_canaveralius,1403243,1.5824400204185851,0.1337923485926004,262.0992108929042
Bacillus_cereus,1396,77.23328228688106,53.815109250705255,105423.7990221316
Bacillus_coahuilensis,408580,2.6033690658499253,0.5176238418474999,1014.0251061792522
Bacillus_cytotoxicus,580165,11.332312404287903,1.4264021646307827,2794.321840511703
Bacillus_dafuensis,1742359,77.13118938233792,144.20016945041203,282488.1319533572
Bacillus_fonticola,2728853,1.3272077590607445,0.12047923728494671,236.0188258412106
Bacillus_glycinifermentans,1664069,5.717202654415521,2.169770688319666,4250.580778418225
Bacillus_gobiensis,1441095,4.747320061255744,0.8245928759399209,1615.377443966305
Bacillus_halotolerans,260554,3.522205206738127,1.0349584022753842,2027.4835100574774
Bacillus_haynesii,1925021,0.10209290454313846,0.011640126587233273,22.803007984389982
Bacillus_inaquosorum,483913,0.40837161817253165,0.03534177189729997,69.23453114681064
Bacillus_infantis,324767,2.9606942317508933,0.21541050612421958,421.9891814973462
Bacillus_lacisalsi,2045244,2.450229709035223,0.3302659571127091,646.9910099837972
Bacillus_licheniformis,1402,4.0837161817253715,0.8591841397282063,1683.1417297275561
Bacillus_luti,2026191,2.297090352220521,1.7113367595359912,3352.508711931007
Bacillus_methanolicus,1471,6.891271056661563,1.0078859284101547,1974.448533755493
Bacillus_mobilis,2026190,0.10209290454313846,1.899482520711652,3721.086258074126
Bacillus_mojavensis,72360,1.1230219499744787,0.21456013028344392,420.32329522526663
Bacillus_mycoides,1405,61.76620724859623,12.63764895523285,24757.15430330115
Bacillus_nakamurai,1793963,3.9816232771822335,0.6151320039031809,1205.0435956463314
Bacillus_nitratireducens,2026193,0.9188361408882129,0.5925211302087714,1160.748894078983
Bacillus_oleivorans,1448271,36.60030627871363,3.498007947326808,6852.597568813217
Bacillus_pacificus,2026187,0.5615109749872338,0.20558824494767597,402.7473718524972
Bacillus_paralicheniformis,1648923,72.33282286881062,9.771110492578723,19141.60545496172
Bacillus_paranthracis,2026186,2.1949974476773826,1.6008203570588146,3136.0070794782177
Bacillus_pseudomycoides,64104,9.545686574783051,1.9304588752661225,3781.7689366463337
Bacillus_pumilus,1408,4.543134252169478,0.49216620129392746,964.1535883348039
Bacillus_rugosus,2715209,0.7146503318019359,0.14165808472175775,277.5081879699234
Bacillus_safensis,561879,4.236855538540074,1.2758660698350213,2499.4216308068067
Bacillus_shivajii,1983719,4.645227156712606,0.659085717113333,1291.1489198250192
Bacillus_siamensis,659243,0.35732516590096797,0.02360860190118122,46.24925112441401
Bacillus_smithii,1479,4.236855538540074,0.7550904167047482,1479.2221263246017
Bacillus_solimangrovi,1305675,3.8284839203675314,0.5959830614803265,1167.5308174399597
Bacillus_sonorensis,119858,0.05104645227156368,0.00713232157825688,13.972217971805229
Bacillus_sp. 1NLA3E,666686,6.533945890760595,2.3869285590227247,4675.9930471255175
Bacillus_sp. 3a,580459,0.10209290454313846,0.01880692306803759,36.842762290285634
Bacillus_sp. 491mf,1761755,5.257784583971414,1.0606572629010023,2077.8275780230633
Bacillus_sp. 7586-K,2021690,6.993363961204702,0.8073119733359847,1581.524155765194
Bacillus_sp. 7884-1,2021693,4.134762633996935,0.5955119767423341,1166.6079624382326
Bacillus_sp. 7D3,2851015,0.10209290454313846,0.09904600123173884,194.0311164129764
Bacillus_sp. A260,2660750,0.8167432363450744,0.07877644081653855,154.32304755959902
Bacillus_sp. ABP14,1892404,0.3062787136294043,0.45339145811751663,888.193866452215
Bacillus_sp. AFS015802,2033486,4.032669729453808,0.6312382482880098,1236.5957283962111
Bacillus_sp. AFS018417,2033491,5.666156202143946,1.0684128649839668,2093.020802503591
Bacillus_sp. AFS040349,2033502,5.870342011230223,0.5164539192658709,1011.7332278418411
Bacillus_sp. AFS041924,2033503,6.023481368044925,0.9745477112899253,1909.1389664169637
Bacillus_sp. AFS073361,2033511,3.93057682491067,0.46702036939633657,914.8929036474233
Bacillus_sp. B-jedd,1476857,5.053598774885149,0.7604301880274619,1489.6827383457978
Bacillus_sp. B25(2016b),1868655,0.20418580908626582,0.07226634752684857,141.56977480509636
Bacillus_sp. BD59S,2499213,0.2552322613578406,0.2270286756706367,444.7491756387773
Bacillus_sp. BS98,2608254,0.05104645227156368,0.00547959658082623,10.734529701838584
Bacillus_sp. CHD6a,1643452,3.0627871362940318,0.27049822671122953,529.9060261272987
Bacillus_sp. CMF12,2884834,8.984175599795819,2.795867269505427,5477.103980961132
Bacillus_sp. CMF21,2884832,4.389994895354777,1.2961349906115056,2539.1284466079396
Bacillus_sp. COPE52,2233998,1.4803471158754467,0.5057350521915572,990.7349672432606
Bacillus_sp. CRB-7,2874284,0.05104645227156368,0.012055112477817705,23.615965344044884
Bacillus_sp. Cs-700,2589818,1.429300663603883,0.2124338919129905,416.1579942575484
Bacillus_sp. DU-106,2080759,0.10209290454313846,0.008944515206567649,17.522305289666022
Bacillus_sp. F19,2884833,2.0418580908626804,0.14288825645350883,279.9180943924238
Bacillus_sp. FDAARGOS_235,1839798,0.10209290454313846,0.0397218880638536,77.8151787170892
Bacillus_sp. FDAARGOS_527,2576356,0.05104645227156368,0.014612257548869944,28.625412538236223
Bacillus_sp. FJAT-18017,1705566,3.6753445635528292,0.582141084581905,1140.414384695952
Bacillus_sp. FJAT-22090,1581038,3.6242981112812656,0.38048009305406993,745.360502292923
Bacillus_sp. FJAT-26390,1743142,4.95150587034201,0.9347060391430004,1831.089130681138
Bacillus_sp. FJAT-27225,1743144,4.3389484430832015,1.6365387690060265,3205.9794484828058
Bacillus_sp. FJAT-27916,1679169,7.350689127105669,2.758385806707635,5403.677795340257
Bacillus_sp. FJAT-27986,1743146,4.032669729453808,0.570060759175816,1116.7490272254236
Bacillus_sp. FJAT-42376,2014076,4.594180704441042,0.8026637359942141,1572.4182588126655
Bacillus_sp. H8-1,2930532,6.431852986217457,1.4296452066569465,2800.6749598409583
Bacillus_sp. HBCD-sjtu,2053832,0.05104645227156368,0.20530221856162273,402.1870461622189
Bacillus_sp. HNG,2293325,7.503828483920372,2.875197776200214,5632.512443576219
Bacillus_sp. JAS24-2,2217832,0.20418580908626582,0.02492232683411224,48.822838268025876
Bacillus_sp. JS,1127744,0.05104645227156368,0.030427264969033325,59.60701207433628
Bacillus_sp. JY-23,2933872,2.501276161306787,0.19094034887299977,374.05214344220656
Bacillus_sp. KH172YL63,2709784,3.4711587544665634,0.6103938865280298,1195.7616237084105
Bacillus_sp. LJBS17,2859227,0.2552322613578406,0.08194634534193401,160.53289052484874
Bacillus_sp. LJBV19,2821409,22.562531904032667,2.8468185800037307,5576.917598227308
Bacillus_sp. LL01,1665556,6.584992343032159,2.3214754456945625,4547.770398115648
Bacillus_sp. Lzh-5,2049935,0.10209290454313846,0.024196175257906644,47.400307330239116
Bacillus_sp. M6-12,2054166,7.248596222562531,1.787481541856795,3501.6763404974618
Bacillus_sp. MBGLi79,2070759,0.20418580908626582,0.023925524383081296,46.87010226645626
Bacillus_sp. MRMR6,1928617,6.074527820316488,0.6927740612564494,1357.1443860013842
Bacillus_sp. MUM 116,1678002,3.6242981112812656,0.6398070567741684,1253.382024220596
Bacillus_sp. N1-1,2682541,2.858601327207755,0.49544842846172776,970.5834713565247
Bacillus_sp. N3536,2666127,3.7774374680959677,0.661264942693743,1295.4180227370425
Bacillus_sp. N447-1,2789208,0.10209290454313846,0.01753365301235596,34.348426251205325
Bacillus_sp. N5-665,2925318,0.3062787136294043,0.5011896670771145,981.8305578040673
Bacillus_sp. NP247,2846779,0.8167432363450744,0.2930353447486958,574.0562403626951
Bacillus_sp. NSP9.1,1071078,5.002552322613574,1.2286194122590948,2406.8654286155665
Bacillus_sp. OK048,1882761,3.7774374680959677,0.5629094353817529,1102.739583912854
Bacillus_sp. OV194,1881065,5.206738131699851,1.1437226740097257,2240.5527183850527
Bacillus_sp. OxB-1,98228,4.032669729453808,0.7607348043554031,1490.2794817322347
Bacillus_sp. PAMC26568,2760090,0.2552322613578406,0.05398982684604966,105.76607079141128
Bacillus_sp. PDNC022,2812759,0.05104645227156368,0.0009318257257929326,1.825446596828355
Bacillus_sp. PGP15,2933563,0.45941807044410643,0.27459936402200386,537.9401541191055
Bacillus_sp. RZ2MS9,1806216,0.05104645227156368,0.2509655234018413,491.64146034420713
Bacillus_sp. S3,486398,5.002552322613574,0.7761397922561662,1520.4578530298297
Bacillus_sp. SA1-12,1455638,5.666156202143946,0.9609069524171796,1882.4167197852548
Bacillus_sp. SB49,1071080,3.9816232771822335,0.4663029790739687,913.4875360059048
Bacillus_sp. SDLI1,1774743,0.05104645227156368,0.009217002541346496,18.056107978497785
Bacillus_sp. SJS,1423321,3.726391015824404,1.177758982747171,2307.2298472017083
Bacillus_sp. SYJ,2529386,0.35732516590096797,0.10460244206002609,204.9161839955911
Bacillus_sp. T33-2,2054168,1.9908116385911168,0.3608562443530219,706.9173826875699
Bacillus_sp. THAF10,2587848,7.4527820316487965,0.4964926449470588,972.6290914512882
Bacillus_sp. TK-2,2801342,0.05104645227156368,0.025571450710522404,50.09447194191339
Bacillus_sp. UMB0893,2066053,0.9698825931597765,0.7366177628891158,1443.034197499778
Bacillus_sp. V3-13,2053728,38.13169984686064,3.4234923053717714,6706.6214262233
Bacillus_sp. V5-8f,2053044,4.900459418070446,1.6770722997402008,3285.3846351910533
Bacillus_sp. V59.32b,1758642,5.104645227156713,1.138837505919046,2230.9826740954113
Bacillus_sp. VT-16-64,1917019,27.616130678917816,51.14612121011466,100195.25145061461
Bacillus_sp. WP8,756828,1.5313935681470103,0.2166701312594423,424.45678713724743
Bacillus_sp. X1(2014),1565991,25.319040326697294,2.111099591720314,4135.644100180095
Bacillus_sp. Y1,352858,4.594180704441042,0.8563238452035766,1677.5384127538066
Bacillus_sp. ZHX3,2841656,0.05104645227156368,0.005697340281151021,11.16108961077485
Bacillus_sp. ZJS3,2928154,0.6125574272588086,0.2904527447651784,568.9969269949845
Bacillus_sp. ZY-1-1,2093834,0.15313935681470214,0.0354672485423771,69.48033989451675
Bacillus_sp. es.036,1761764,3.726391015824404,1.7028021357016245,3335.7893838394825
Bacillus_sp. ms-22,2683680,0.40837161817253165,0.5225610731105964,1023.6971422236584
Bacillus_spizizenii,96241,0.20418580908626582,0.019374589810390364,37.954821438554724
Bacillus_stratosphericus,293386,4.3389484430832015,0.46193165191837426,904.9241061080952
Bacillus_subtilis,1423,19.04032669729454,9.106621275703308,17839.87107910278
Bacillus_swezeyi,1925020,3.7774374680959677,0.6366728068128193,1247.2420285463131
Bacillus_taeanensis,273032,4.389994895354777,0.85393755878804,1672.8636776657704
Bacillus_tequilensis,227866,0.6125574272588086,0.027700838461009517,54.265942545117646
Bacillus_thermozeamaize,230954,6.125574272588052,1.1522043210625565,2257.168264961548
Bacillus_thuringiensis,1428,59.31597753956099,27.813196777822032,54486.05248775336
Bacillus_toyonensis,155322,2.501276161306787,1.5810768768574501,3097.329601763745
Bacillus_tropicus,2026188,0.35732516590096797,0.7272403958832798,1424.6639355353452
Bacillus_vallismortis,72361,2.0929045431342552,0.2777972782580994,544.2048681076168
Bacillus_velezensis,492670,20.877998979070956,10.132994466216756,19850.536159318624
Bacillus_weihaiensis,1547283,8.116385911179169,0.7321913285308547,1434.3628125919442
Bacillus_wiedmannii,1890302,5.921388463501787,7.831725896885489,15342.351031998673
Bacillus_wudalianchiensis,1743143,5.97243491577335,1.2600402657745848,2468.4188806524116
Bacillus_zhangzhouensis,1178540,0.9188361408882129,0.10772733457758799,211.03784843749486
Bacteroides_caccae,47678,10.66870852475753,148.7080513821736,291319.0726576781
Bacteroides_caecimuris,1796613,6.278713629402755,5.498423793821291,10771.41221209591
Bacteroides_cellulosilyticus,246787,7.912200102092903,28.35364233806277,55544.78534026496
Bacteroides_clarus,626929,3.93057682491067,1.14526707332429,2243.578196642284
Bacteroides_coprosuis,151276,3.4711587544665634,0.419112877802199,821.0421276145079
Bacteroides_eggerthii,28111,19.448698315467073,6.722217888374116,13168.824843324894
Bacteroides_faecichinchillae,871325,4.492087799897904,2.615584580870764,5123.930193925827
Bacteroides_faecis,674529,4.594180704441042,9.660129842307935,18924.194361081245
Bacteroides_faecis CAG:32,1263044,0.45941807044410643,3.61444689581317,7080.701468898
Bacteroides_finegoldii,338188,3.9816232771822335,4.688377750234399,9184.532012709187
Bacteroides_fluxus,626930,4.185809086268499,1.432476689113635,2806.221833973611
Bacteroides_fragilis,817,78.7136294027565,190.22176953903897,372644.44652697735
Bacteroides_graminisolvens,477666,5.564063297600819,0.8128627193651364,1592.3980672363023
Bacteroides_helcogenes,290053,4.3389484430832015,1.1081863341606077,2170.9370286206304
Bacteroides_heparinolyticus,28113,6.993363961204702,2.907674416875456,5696.134182659019
Bacteroides_humanifaecis,2792859,2.501276161306787,5.469602334877338,10714.950974024707
Bacteroides_intestinalis,329854,5.717202654415521,281.10537431155757,550685.4282763413
Bacteroides_luhongzhouii,2650158,5.053598774885149,0.8414622706985798,1648.4245882985178
Bacteroides_luti,1297750,3.6753445635528292,0.4806300181156468,941.5542054885522
Bacteroides_nordii,291645,5.359877488514552,1.4547963535776645,2849.9460566586445
Bacteroides_oleiciplenus,626931,3.879530372639106,11.729912524723046,22978.898635932448
Bacteroides_ovatus,28116,12.20010209290454,25.614933590755182,50179.654904289404
Bacteroides_pyogenes,310300,8.167432363450743,2.622181088860946,5136.852753078593
Bacteroides_reticulotermitis,1133319,5.002552322613574,0.9633977481989524,1887.2961887217477
Bacteroides_salyersiae,291644,12.30219499744768,3.0795059464897596,6032.752149173439
Bacteroides_sp. 43_108,1896974,16.99846860643185,11.16095337507364,21864.30766176926
Bacteroides_sp. A1C1,2528203,0.7146503318019359,4.68104346299467,9170.164144006558
Bacteroides_sp. An322,1965632,4.134762633996935,0.9288486821429542,1819.6145683180473
Bacteroides_sp. BFG-257,2972761,0.05104645227156368,0.9415589191135197,1844.5139225433852
Bacteroides_sp. CACC 737,2755405,0.8677896886166381,2.307556986895851,4520.504137328972
Bacteroides_sp. CAG:144,1262736,4.3389484430832015,0.6993908118510869,1370.1066004162792
Bacteroides_sp. CAG:443,1262739,3.4201123021949997,0.8077984444077919,1582.4771525948643
Bacteroides_sp. CAG:462,1262740,4.900459418070446,1.6623443003987237,3256.5324844811
Bacteroides_sp. CAG:530,1262741,69.06584992343032,8.557544927988236,16764.230513928953
Bacteroides_sp. CAG:598,1262743,50.43389484430831,7.257357501067659,14217.163344591545
Bacteroides_sp. CAG:633,1262744,3.4201123021949997,0.5391034236508548,1056.1036069320246
Bacteroides_sp. CAG:661,1262746,5.921388463501787,1.4476524596135356,2835.9511683829164
Bacteroides_sp. CAG:927,1262753,3.6242981112812656,0.45634979471755377,893.9892478516879
Bacteroides_sp. CBA7301,2715212,5.002552322613574,1.5483445770060429,3033.207026354838
Bacteroides_sp. D2,556259,2.1949974476773826,1.481338468741446,2901.9420602644927
Bacteroides_sp. HF-162,2785531,0.9698825931597765,0.8406113600441223,1646.7576543264356
Bacteroides_sp. M10,2763022,3.0627871362940318,1.2894755681084653,2526.0826379244836
Bacteroides_sp. OM05-12,2292283,3.7774374680959677,1.0501338722423263,2057.212255722717
Bacteroides_sp. OM08-11,2292284,6.8402246043899995,1.2620168326029861,2472.2909750692497
Bacteroides_sp. PHL 2737,2162637,0.10209290454313846,10.845783000040248,21246.888897078847
Bacteroides_sp. ZJ-18,2709390,0.40837161817253165,1.8242323007717978,3573.671077211952
Bacteroides_stercorirosoris,871324,4.236855538540074,10.148047904903423,19880.025845705808
Bacteroides_stercoris,46506,4.900459418070446,21.276626035606984,41680.91040375408
Bacteroides_thetaiotaomicron,818,17.049515058703424,334.8414373553721,655954.3757791739
Bacteroides_uniformis,820,11.842776927003573,34.65376525704068,67886.7261385427
Bacteroides_xylanisolvens,371601,14.905564063297605,27.051460711045877,52993.811532938875
Bacteroides_zhangwenhongii,2650157,6.942317508933127,3.136754275467834,6144.901625641487
Bacteroides_zoogleoformans,28119,5.513016845329255,2.7168891356747547,5322.385816786845
Bifidobacterium_actinocoloniiforme,638619,4.134762633996935,0.9887551527821942,1936.9713443003184
Bifidobacterium_adolescentis,1680,15.926493108728945,94.08349821055761,184309.57299448235
Bifidobacterium_angulatum,1683,9.239407861153648,6.901089497830959,13519.23432625085
Bifidobacterium_animalis,28025,8.473711077080148,451.3880786008827,884269.2459791292
Bifidobacterium_anseris,2020963,3.369065849923425,2.552662440862088,5000.66572164883
Bifidobacterium_aquikefiri,1653207,5.206738131699851,5.292790261913887,10368.576123089304
Bifidobacterium_asteroides,1684,5.666156202143946,4.6926561778199325,9192.913452349248
Bifidobacterium_biavatii,762212,6.176620724859627,2.3106510817128965,4526.565469075565
Bifidobacterium_bifidum,1681,18.989280245022965,413.60759072559193,810257.2702314346
Bifidobacterium_bohemicum,638617,4.645227156712606,3.716126396605398,7279.891610949974
Bifidobacterium_bombi,471511,3.7774374680959677,1.9962512923087818,3910.6562816329038
Bifidobacterium_boum,78343,5.768249106687085,3.1048771056618234,6082.454249991512
Bifidobacterium_breve,1685,26.033690658499232,22776.41855157285,44619003.94253121
Bifidobacterium_callitrichidarum,2052941,5.615109749872382,2.602632802436716,5098.557659973527
Bifidobacterium_callitrichos,762209,4.594180704441042,1.1397096683164754,2232.6912402319754
Bifidobacterium_catenulatum,1686,13.221031138335881,30.24191185705902,59243.90532797862
Bifidobacterium_catulorum,1630173,3.879530372639106,0.7593636414826185,1487.5933736644497
Bifidobacterium_choerinum,35760,3.4711587544665634,1.9355288681650646,3791.701052735362
Bifidobacterium_commune,1505727,4.69627360898418,3.2013793646886732,6271.502175425111
Bifidobacterium_coryneforme,1687,0.10209290454313846,0.0030249842239476986,5.925944094713541
Bifidobacterium_criceti,1960969,3.4201123021949997,0.8282629802617978,1622.5671783328619
Bifidobacterium_cuniculi,1688,68.9637570188872,8.304130701165219,16267.792043582665
Bifidobacterium_dentium,1689,16.334864726901476,521.0523253137557,1020741.5052896473
Bifidobacterium_eulemuris,1765219,3.6242981112812656,0.5247136380034434,1027.9140168487456
Bifidobacterium_felsineum,2045440,6.278713629402755,3.9604829784087667,7758.586154702774
Bifidobacterium_gallicum,78342,5.768249106687085,4.242890142373297,8311.821788909288
Bifidobacterium_hapali,1630172,7.044410413476266,11.806731585974296,23129.387176923647
Bifidobacterium_imperatoris,2020965,6.023481368044925,10.726195938865928,21012.617844238353
Bifidobacterium_indicum,1691,0.6636038795303723,0.12971751348492122,254.11660891696067
Bifidobacterium_italicum,1960968,3.4711587544665634,0.528843993007118,1036.0053823009443
Bifidobacterium_lemurum,1603886,4.849412965798871,1.9104047760569076,3742.482956295482
Bifidobacterium_longum,216816,38.99948953547728,988.8272580929461,1937112.5986040814
Bifidobacterium_magnum,1692,4.134762633996935,1.5599165460318476,3055.8765136763895
Bifidobacterium_margollesii,2020964,5.410923940786116,1.3127014993273411,2571.5822371822615
Bifidobacterium_merycicum,78345,4.7983665135273075,1.5488371779956234,3034.172031693426
Bifidobacterium_minimum,1693,3.522205206738127,1.1687958213539298,2289.6710140323485
Bifidobacterium_mongoliense,518643,5.666156202143946,1.5059476395625295,2950.1514259029955
Bifidobacterium_moukalabense,1333651,7.554874936191935,8.90811480664139,17450.996906210483
Bifidobacterium_myosotis,1630166,5.053598774885149,1.8922750390558405,3706.9668015103916
Bifidobacterium_parmae,361854,3.522205206738127,0.7700238568528364,1508.4767355747065
Bifidobacterium_porcinum,212365,2.7565084226646275,1.171625011424394,2295.213397380388
Bifidobacterium_primatium,2045438,3.7774374680959677,0.9156123632886785,1793.684619682521
Bifidobacterium_pseudocatenulatum,28026,13.06789178152118,48.52114144328329,95052.91608739196
Bifidobacterium_pseudolongum,1694,8.065339458907605,3.0200569868191667,5916.291637178748
Bifidobacterium_psychraerophilum,218140,8.320571720265447,18.899166397974913,37023.46697363285
Bifidobacterium_pullorum,78448,5.717202654415521,2.6991526233841237,5287.639989209498
Bifidobacterium_reuteri,983706,5.564063297600819,2.5131267469956993,4923.215297364575
Bifidobacterium_ruminantium,78346,4.594180704441042,2.2276164449588935,4363.900615674473
Bifidobacterium_saguini,762210,4.747320061255744,4.148542497456721,8126.994752517716
Bifidobacterium_scaligerum,2052656,6.738131699846861,5.905879781516837,11569.618491991483
Bifidobacterium_scardovii,158787,8.524757529351712,122.67763948933279,240325.49575960293
Bifidobacterium_simiarum,2045441,3.726391015824404,1.846265837558329,3616.8347757767665
Bifidobacterium_stellenboschense,762211,2.7565084226646275,0.9880308708511226,1935.5524759973491
Bifidobacterium_subtile,77635,5.002552322613574,1.1076850384970647,2169.9549904157498
Bifidobacterium_thermacidophilum,246618,3.1138335885655954,2.4148921706252673,4730.773762254898
Bifidobacterium_thermophilum,33905,5.513016845329255,5.90141326034067,11560.868577007372
Bifidobacterium_tissieri,1630162,5.155691679428276,2.3341510362562863,4572.6018800260645
Bifidobacterium_tsurumiense,356829,6.942317508933127,33.08013683064637,64803.988051236236
Bifidobacterium_vansinderenii,1984871,10.566615620214392,1.4782722120881835,2895.9352634807515
Bilophila_wadsworthia,35833,7.299642674834095,17.72088622985945,34715.21612429466
Blautia_argi,1912897,5.615109749872382,2.011919131800662,3941.3495791974974
Blautia_coccoides,1532,2.0418580908626804,0.5509258358471255,1079.2637124245189
Blautia_hansenii,1322,7.810107197549765,3.4159467537969204,6691.839690688167
Blautia_hydrogenotrophica,53443,5.717202654415521,1.7393822057788642,3407.449741120795
Blautia_liquoris,2779518,6.176620724859627,1.293438978145625,2533.8469581872796
Blautia_massiliensis,1737424,9.90301174068402,18.382692490562356,36011.694589011655
Blautia_obeum,40520,8.831036242981117,11.384869064129983,22302.958496630636
Blautia_producta,33035,6.8402246043899995,3.3068175334186813,6478.055547967197
Blautia_pseudococcoides,1796616,6.8402246043899995,42.196725056576135,82663.38438583264
Blautia_sp. An249,1965603,7.810107197549765,2.6191749317493858,5130.963691297046
Blautia_sp. CAG:257,1262756,5.768249106687085,3.6457496598285517,7142.023583604133
Blautia_sp. NBRC 113351,2877527,7.912200102092903,2.927622192514099,5735.21187513512
Blautia_sp. SC05B48,2479767,7.146503318019393,7.664219060398749,15014.20513932115
Blautia_wexlerae,418240,10.872894333843796,17.833157663082687,34935.15586197899
Brachybacterium_alimentarium,47845,2.3481368044920847,0.3556104850945253,696.6409403001751
Brachybacterium_avium,2017485,1.939765186319553,0.35375754006035753,693.0110209782404
Brachybacterium_endophyticum,2182385,2.0929045431342552,0.20634101036262623,404.2220393003848
Brachybacterium_faecium,43669,2.5523226135783617,0.2941097200992284,576.1609416743885
Brachybacterium_ginsengisoli,1331682,2.654415518121489,0.28184230550026124,552.1290764750117
Brachybacterium_halotolerans,2795215,1.6845329249617125,0.22083737559852423,432.620418797509
Brachybacterium_kimchii,2942909,1.9908116385911168,0.23588238653113955,462.0935952145024
Brachybacterium_muris,219301,4.032669729453808,0.6738205281760921,1320.0144146969644
Brachybacterium_nesterenkovii,47847,2.858601327207755,0.9140882219083054,1790.6988267183704
Brachybacterium_phenoliresistens,396014,2.858601327207755,0.44200280805288666,865.883500975605
Brachybacterium_rhamnosum,173361,1.6845329249617125,0.17769419371831735,348.1029254941837
Brachybacterium_saurashtrense,556288,3.6753445635528292,0.5366789293383805,1051.3540225738873
Brachybacterium_sp. P6-10-X1,1903186,3.369065849923425,0.5307091742676807,1039.6592723903866
Brachybacterium_sp. SGAir0954,2571029,1.7355793772332873,0.21773469669095724,426.54227081758523
Brachybacterium_sp. UMB0905,2069310,4.543134252169478,2.051518297449806,4018.9243447041695
Brachybacterium_vulturis,2017484,2.7054619703930527,0.2224991674206265,435.8758689770073
Bradyrhizobium_Bradyrhizobiaceae bacterium PARB1,2015576,38.897396630934146,68.84238130700267,134862.22498041822
Bradyrhizobium_amphicarpaeae,1404768,20.52067381316999,7.044729880251291,13800.625835412278
Bradyrhizobium_arachidis,858423,42.16436957631444,47.70086812525565,93446.00065737583
Bradyrhizobium_betae,244734,36.08984175599795,42.43318789238151,83126.61508117538
Bradyrhizobium_canariense,255045,34.04798366513527,129.72808906721178,254137.3264826679
Bradyrhizobium_centrolobii,1505087,29.60694231750893,15.647789420764484,30654.019475277626
Bradyrhizobium_cosmicum,1404864,37.31495661051557,20.81028499204136,40767.34829940902
Bradyrhizobium_daqingense,993502,12.863705972434914,9.048076171448784,17725.18121986817
Bradyrhizobium_diazoefficiens,1355477,52.833078101071976,115.49125054372725,226247.35981516168
Bradyrhizobium_elkanii,29448,6.329760081674318,21.57336718352049,42262.226312516636
Bradyrhizobium_erythrophlei,1437360,72.02654415518121,128.06762268927125,250884.4728482824
Bradyrhizobium_forestalis,1419263,34.45635528330781,9.277728230193144,18175.06960294837
Bradyrhizobium_genosp. B,83627,32.82286881061766,14.997097216485543,29379.313447095177
Bradyrhizobium_genosp. L,83637,32.312404287901984,19.13839476211631,37492.11533898585
Bradyrhizobium_guangdongense,1325090,29.760081674323636,13.96102523926382,27349.648443717826
Bradyrhizobium_guangxiense,1325115,23.07299642674834,10.726358445649565,21012.936195027498
Bradyrhizobium_guangzhouense,1325095,36.90658499234303,22.286613663568808,43659.476166931294
Bradyrhizobium_icense,1274631,14.497192445125062,14.362847713374912,28136.818670501452
Bradyrhizobium_japonicum,375,31.240428790199083,31.359615831977077,61433.4874148431
Bradyrhizobium_jicamae,280332,13.221031138335881,14.073959123685889,27570.885923300655
Bradyrhizobium_lablabi,722472,23.021949974476776,81.86672689374461,160376.9179848457
Bradyrhizobium_liaoningense,43992,20.826952526799392,8.434953905078302,16524.074700048393
Bradyrhizobium_macuxiense,1755647,75.7529351710056,57.387999281899106,112423.09059324035
Bradyrhizobium_manausense,989370,37.82542113323124,18.23376151119866,35719.938800438176
Bradyrhizobium_neotropicale,1497615,31.240428790199083,15.442305068041112,30251.475628292537
Bradyrhizobium_nitroreducens,709803,22.256253190403264,7.5069291368967495,14706.074179180732
Bradyrhizobium_oligotrophicum,44255,22.71567126084737,15.686929856303733,30730.695588499013
Bradyrhizobium_ottawaense,931866,3.0627871362940318,18.660839103381637,36556.58380352463
Bradyrhizobium_pachyrhizi,280333,70.13782542113323,19.065660308499748,37349.628544351006
Bradyrhizobium_paxllaeri,190148,11.79173047473201,13.935015662947194,27298.69568371355
Bradyrhizobium_quebecense,2748629,27.41194486983155,15.56205181626336,30486.05950805992
Bradyrhizobium_retamae,1300035,7.248596222562531,10.371086701762614,20316.95884875296
Bradyrhizobium_sacchari,1399419,22.358346094946402,9.489385486330233,18589.706167720928
Bradyrhizobium_septentrionale,1404411,19.29555895865237,12.0971457247889,23698.308474861456
Bradyrhizobium_shewense,1761772,37.21286370597243,7.382774621812444,14462.855484130578
Bradyrhizobium_sp.,376,14.650331801939764,13.903771488286026,27237.488345552323
Bradyrhizobium_sp. 1(2017),1404888,22.562531904032667,12.661992145675253,24804.84261337782
Bradyrhizobium_sp. 131,2782609,0.40837161817253165,4.602680275791429,9016.650660275409
Bradyrhizobium_sp. 144S4,2823807,8.422664624808574,10.842774010358992,21240.994286293266
Bradyrhizobium_sp. 155,2782629,1.071975497702915,2.287147067484268,4480.521105201681
Bradyrhizobium_sp. 170,2782641,26.697294538029603,29.764804195043027,58309.25141808929
Bradyrhizobium_sp. 172,2782643,0.9188361408882129,7.179335536179103,14064.318315374863
Bradyrhizobium_sp. 186,2782654,37.7233282286881,21.486923489448312,42092.883115829245
Bradyrhizobium_sp. 187,2782655,2.1949974476773826,9.394174675592767,18403.18818948623
Bradyrhizobium_sp. 191,2782659,14.905564063297605,10.855717821916608,21266.351213134636
Bradyrhizobium_sp. 192,2782660,3.93057682491067,4.527981290984603,8870.315349038838
Bradyrhizobium_sp. 195,2782662,22.970903522205212,13.068622428023057,25601.431336497168
Bradyrhizobium_sp. 1S5,2816456,1.1740684022460424,6.5508674192161305,12833.149274244399
Bradyrhizobium_sp. 200,2782665,24.553343542623786,29.388067887314886,57571.22499124986
Bradyrhizobium_sp. 323S2,1404649,6.176620724859627,8.887022288171028,17409.676662527043
Bradyrhizobium_sp. 38S5,2819348,1.071975497702915,4.152814213489135,8135.363044225216
Bradyrhizobium_sp. 4,2782678,4.69627360898418,12.228669396581289,23955.963347902743
Bradyrhizobium_sp. 40,2782674,8.677896886166414,12.92959062487881,25329.06803413759
Bradyrhizobium_sp. 41S5,1404443,28.94333843797856,19.271687180102404,37753.23518582061
Bradyrhizobium_sp. 6(2017),1197460,25.165900969882593,17.645477736278817,34567.4908853702
Bradyrhizobium_sp. A19,2898149,29.504849412965793,24.74443768249206,48474.35342000194
Bradyrhizobium_sp. AT1,574934,24.45125063808066,12.49720193266288,24482.018586086582
Bradyrhizobium_sp. BTAi1,288000,40.47983665135273,59.14491229598026,115864.88318782534
Bradyrhizobium_sp. C-145,574727,9.596733027054615,6.642119533004138,13011.912165155107
Bradyrhizobium_sp. C9,142585,32.669729453802965,19.28079237650647,37771.07226557617
Bradyrhizobium_sp. CCBAU 051011,858422,20.92904543134252,20.22976495107578,39630.10953915745
Bradyrhizobium_sp. CCBAU 21365,1325083,0.3062787136294043,0.43645956659464313,855.0242909589059
Bradyrhizobium_sp. CCBAU 51753,1325100,34.09903011740683,25.012492196130324,48999.472212219305
Bradyrhizobium_sp. CCBAU 51765,1325102,16.99846860643185,11.53663556731075,22600.269076361757
Bradyrhizobium_sp. CCBAU 53338,1325111,13.527309851965285,10.002764908876424,19595.416456488914
Bradyrhizobium_sp. CCBAU 53340,1325112,36.396120469627355,23.187606241052947,45424.52062622272
Bradyrhizobium_sp. CCBAU 53351,1325114,21.643695763144464,13.099229617861594,25661.39082139086
Bradyrhizobium_sp. CCBAU 53421,1325120,35.273098519652876,21.03563703117373,41208.81294406934
Bradyrhizobium_sp. CCGE-LA001,1223566,19.244512506380808,9.357680429589928,18331.69596156667
Bradyrhizobium_sp. CW1,2782686,0.9698825931597765,9.062531361605087,17753.498937384367
Bradyrhizobium_sp. DOA9,1126627,22.970903522205212,11.290227439878684,22117.55555472234
Bradyrhizobium_sp. Gha,1855318,40.32669729453803,20.48153779136501,40123.332533284054
Bradyrhizobium_sp. Ghvi,1855319,33.18019397651864,16.729142266011095,32772.38969911574
Bradyrhizobium_sp. I71,2590772,22.154160285860137,11.509525525699507,22547.160504845335
Bradyrhizobium_sp. LCT2,2493093,5.819295558958649,4.503687182007422,8822.72318955254
Bradyrhizobium_sp. LMTR 3,189873,12.20010209290454,14.589671782385881,28581.167021693942
Bradyrhizobium_sp. Leaf396,1736363,32.51659009698826,17.969130295788766,35201.526249450195
Bradyrhizobium_sp. MOS002,2133947,20.21439509954058,10.120561691443948,19826.180353538693
Bradyrhizobium_sp. NAS96.2,1680160,39.25472179683512,30.373127399500216,59500.95657562093
Bradyrhizobium_sp. OK095,1882760,35.22205206738131,17.147907947666475,33592.751669478625
Bradyrhizobium_sp. ORS 278,114615,26.595201633486475,18.680599157308077,36595.29374916652
Bradyrhizobium_sp. ORS 285,115808,26.442062276671773,20.770505697348394,40689.420661105505
Bradyrhizobium_sp. ORS 375,566679,24.40020418580908,18.047233650180242,35354.53072070309
Bradyrhizobium_sp. Rc2d,1855321,13.782542113323126,9.78860506522165,19175.877322769215
Bradyrhizobium_sp. Rc3b,1855322,14.905564063297605,7.955643136501846,15585.104904407115
Bradyrhizobium_sp. S2-11-2,2840472,11.485451761102606,24.59472264430531,48181.0616601941
Bradyrhizobium_sp. S2-11-4,2840473,10.107197549770286,29.896896030782088,58568.01932430211
Bradyrhizobium_sp. S2-20-1,2840469,9.239407861153648,25.49384084206002,49942.43420959558
Bradyrhizobium_sp. SG09,2599805,1.2761613067891808,3.293444768921904,6451.85830231801
Bradyrhizobium_sp. SK17,2057741,39.152628892291986,63.44678636592236,124292.2544908419
Bradyrhizobium_sp. STM 3809,551936,25.98264420622767,18.391138365024208,36028.240057082425
Bradyrhizobium_sp. STM 3843,551947,36.651352730985195,31.29153103737609,61300.10930221976
Bradyrhizobium_sp. TM102,2599819,1.071975497702915,6.597129881558026,12923.777437972174
Bradyrhizobium_sp. UFLA03-84,418599,39.45890760592139,45.54006839696647,89212.9939896573
Bradyrhizobium_sp. WBAH42,1390132,20.52067381316999,10.275419161864292,20129.546138092148
Bradyrhizobium_sp. WBOS04,2171498,0.15313935681470214,0.2118892219282163,415.09098575737573
Bradyrhizobium_sp. WBOS08,2171500,0.05104645227156368,0.9250237971699373,1812.1216186559072
Bradyrhizobium_sp. WD16,1521768,30.372639101582443,66.14379948255623,129575.70318632765
Bradyrhizobium_sp. WSM1253,319003,61.45992853496682,20.58315686069968,40322.40429011067
Bradyrhizobium_sp. Y36,2035447,23.940786115364986,10.705101579118375,20971.293993492898
Bradyrhizobium_sp. YR681,1144344,36.44716692189893,53.156121432566955,104132.84188639866
Bradyrhizobium_sp. cf659,1761771,27.309851965288413,9.955029900743593,19501.9035755567
Bradyrhizobium_symbiodeficiens,1404367,16.079632465543646,12.307896632137945,24111.169502358236
Bradyrhizobium_valentinum,1518501,18.52986217457887,22.468875716921076,44016.52752944839
Bradyrhizobium_vignae,1549949,16.13067891781521,7.36052016000728,14419.258993454261
Bradyrhizobium_yuanmingense,108015,14.037774374680955,7.863237559512012,15404.082379084031
Bradyrhizobium_zhanjiangense,1325107,6.125574272588052,4.537151745562962,8888.280269557843
Brevibacterium_antiquum,234835,61.66411434405309,6.762584418446718,13247.90287573712
Brevibacterium_atlanticum,2697563,1.4803471158754467,0.19751918162960908,386.9400768124042
Brevibacterium_aurantiacum,273384,5.46197039305768,1.0779133771575413,2111.6323058516236
Brevibacterium_casei,33889,3.522205206738127,10.273453241066555,20125.69489924938
Brevibacterium_iodinum,31943,2.2460438999489574,0.20588527303274343,403.3292498711444
Brevibacterium_jeotgali,1262550,2.3481368044920847,2.56482747284231,5024.497019298085
Brevibacterium_limosum,2697565,1.3782542113323082,0.09455332164676948,185.2299571060214
Brevibacterium_linens,1703,3.573251659009702,0.6139053700567114,1202.6406199410976
Brevibacterium_luteolum,199591,5.308831036242978,8.510282930147309,16671.644260158577
Brevibacterium_mcbrellneri,53363,9.443593670239913,7.057453908003805,13825.552205779455
Brevibacterium_oceani,358099,2.858601327207755,0.33012401581835127,646.7129469881502
Brevibacterium_paucivorans,170994,7.656967840735074,2.329032026827453,4562.57374055498
Brevibacterium_pigmentatum,1496080,1.3272077590607445,0.2667161625714475,522.4969624774656
Brevibacterium_ravenspurgense,479117,12.506380806533945,17.68929991307256,34653.338529709144
Brevibacterium_sandarakinum,629680,2.450229709035223,0.40410527348581127,791.6422307587043
Brevibacterium_siliguriense,1136497,0.9698825931597765,0.3282325690325579,643.0076027347809
Brevibacterium_sp. 'Marine',2725563,1.3782542113323082,0.10274808750806516,201.28350342829964
Brevibacterium_sp. 239c,1965356,1.5824400204185851,0.2225537296581547,435.98275640032506
Brevibacterium_sp. CS2,2575923,3.726391015824404,0.7637277966080844,1496.1427535552375
Brevibacterium_sp. HY170,2898795,1.2761613067891808,0.4750842411539947,930.6900284206756
Brevibacterium_sp. SMBL_HHYL_HB1,2777556,3.4201123021949997,0.4650080481607228,910.950766346856
Brevibacterium_sp. W7.2,2823518,1.071975497702915,1.088476637961794,2132.3257337671544
Brevibacterium_yomogidense,946573,2.807554874936191,0.40313609318670696,789.7436065527589
Bulleidia_extructa,118748,9.39254721796835,35.2635200922916,69081.23586079925
Bulleidia_sp. zg-1006,2806552,15.3649821337417,11.947455800311225,23405.06591280969
Burkholderia_Candidatus Burkholderia verschuerenii,242163,3.6242981112812656,0.9955417985798255,1950.2663834178782
Burkholderia_aenigmatica,2015348,0.9698825931597765,0.3599574330865101,705.1566114164733
Burkholderia_ambifaria,152480,3.9816232771822335,0.8824612701651298,1728.7416282534891
Burkholderia_anthina,179879,2.3481368044920847,1.0631615493256754,2082.733475128998
Burkholderia_arboris,488730,0.45941807044410643,0.05760079078057692,112.83994913915019
Burkholderia_catarinensis,1108140,1.6334864726901488,0.298150123062957,584.0760910803328
Burkholderia_cenocepacia,95486,17.304747320061253,10.926936483753527,21405.86857167316
Burkholderia_cepacia,292,4.3389484430832015,1.5927281656207017,3120.154476450955
Burkholderia_contaminans,488447,10.464522715671265,2.094677452194033,4103.47312884811
Burkholderia_diffusa,488732,1.225114854517606,0.12287039129597806,240.703096548821
Burkholderia_dolosa,152500,1.7355793772332873,0.3145794451837486,616.2611331149635
Burkholderia_gladioli,28095,31.08728943338438,4.765013491254033,9334.66142936665
Burkholderia_glumae,337,7.605921388463499,0.9501613366056233,1861.3660584104161
Burkholderia_lata,482957,2.6033690658499253,1.0199259915160168,1998.035017379877
Burkholderia_latens,488446,0.8677896886166381,0.09235436568220122,180.92220237143218
Burkholderia_mallei,13373,0.45941807044410643,0.08028132738748776,157.27112035208853
Burkholderia_mayonis,1385591,35.17100561510975,3.8317452261314466,7506.388897991504
Burkholderia_metallica,488729,1.8376722817764146,0.36454209431073076,714.1379627547216
Burkholderia_multivorans,87883,8.831036242981117,2.2250089596806437,4358.792552014381
Burkholderia_oklahomensis,342113,3.9816232771822335,0.4686868040597114,918.1574491529747
Burkholderia_perseverans,2615214,2.3991832567636595,0.3641287022062422,713.3281276220285
Burkholderia_plantarii,41899,2.3991832567636595,0.3817642804763321,747.8762254531346
Burkholderia_pseudomallei,28450,75.85502807554874,41.65484051166886,81601.8325623593
Burkholderia_pseudomultivorans,1207504,0.9698825931597765,0.4610021782761806,903.1032672430379
Burkholderia_puraquae,1904757,1.8376722817764146,0.3716720833792385,728.1056113399283
Burkholderia_pyrrocinia,60550,10.92394078611536,1.9909514790139458,3900.27394738832
Burkholderia_reimsis,2234132,0.40837161817253165,0.025336698756920246,49.63459286480676
Burkholderia_savannae,1637837,0.6636038795303723,0.15922532207452825,311.92240594400084
Burkholderia_seminalis,488731,1.7355793772332873,0.43209099956692565,846.4662681516073
Burkholderia_singularis,1503053,0.7656967840735107,0.17360189899417458,340.086120129588
Burkholderia_sp. B21-005,2890406,0.05104645227156368,0.014417938881929658,28.2447422697002
Burkholderia_sp. B21-007,2890407,0.05104645227156368,0.02787226333360099,54.60176387052434
Burkholderia_sp. Bp7605,1740163,0.7146503318019359,0.07590050156790251,148.68908257152103
Burkholderia_sp. Ch1-1,243261,6.227667177131191,1.406856428865528,2756.0317441475695
Burkholderia_sp. DHOD12,2571746,10.311383358856563,1.2427567107388915,2434.5603963374883
Burkholderia_sp. EMB26,2854261,0.3062787136294043,0.08831307886104119,173.00532148877969
Burkholderia_sp. GAS332,1882750,41.2965798876978,4.1369310937487604,8104.248012653822
Burkholderia_sp. IDO3,1705310,0.5615109749872338,0.7485440653534138,1466.3978240273375
Burkholderia_sp. JP2-270,2217913,0.8677896886166381,0.2855517472857405,559.3958729327657
Burkholderia_sp. KBS0801,1179675,0.40837161817253165,0.04669652646115982,91.47849533741208
Burkholderia_sp. LA-2-3-30-S1-D2,1637862,1.939765186319553,0.19481488717209142,381.64236397012706
Burkholderia_sp. LAS2,2813843,0.45941807044410643,0.10621077560675272,208.0669094136286
Burkholderia_sp. Leaf177,1736287,5.717202654415521,0.6335330321427922,1241.09120996773
Burkholderia_sp. MBR-1,2732364,0.2552322613578406,0.0505331834486969,98.99450637599723
Burkholderia_sp. MS389,2811789,0.40837161817253165,0.09360236675302779,183.36703646918144
Burkholderia_sp. MS455,2811788,3.4711587544665634,0.5272787451959196,1032.9390618388063
Burkholderia_sp. MSMB0856,1637869,0.8677896886166381,0.1783701807656903,349.4271841199873
Burkholderia_sp. MSMB1588,1636423,1.8887187340479783,0.3534928918479251,692.4925751300852
Burkholderia_sp. MSMB617WGS,1637831,10.209290454313425,0.8139159317387586,1594.4613102762282
Burkholderia_sp. MSh2,1506588,3.369065849923425,0.8181199560650217,1602.6969939313776
Burkholderia_sp. NRF60-BP8,1637853,10.056151097498722,1.1118144940722194,2178.0445938874777
Burkholderia_sp. OK233,1882795,3.7774374680959677,1.382761804001285,2708.830374038517
Burkholderia_sp. PAMC 26561,1795043,1.5824400204185851,0.25256157282800434,494.7681211700605
Burkholderia_sp. PAMC 28687,1795874,1.5313935681470103,0.7906329591460893,1548.849966967189
Burkholderia_sp. SRS-W-2-2016,1926878,71.46503318019397,10.164532660890192,19912.319482683884
Burkholderia_sp. USMB20,1571773,1.3272077590607445,0.4046397242054172,792.6892197184123
Burkholderia_sp. WAC0059,2066022,6.125574272588052,0.8914399719499022,1746.3309050498585
Burkholderia_sp. lig30,1192124,3.4201123021949997,0.6128588371630748,1200.5904620024635
Burkholderia_stabilis,95485,3.2669729453802976,0.8599394668390734,1684.6214155377447
Burkholderia_stagnalis,1503054,3.726391015824404,0.8241309982440019,1614.4726255599999
Burkholderia_territorii,1503055,1.2761613067891808,0.18558250709801252,363.5561314050065
Burkholderia_thailandensis,57975,3.7774374680959677,1.0251440560696345,2008.257205840414
Burkholderia_ubonensis,101571,16.436957631444614,3.3538655242488984,6570.2225620035915
Burkholderia_vietnamiensis,60552,2.5523226135783617,1.373917650776273,2691.5046778707188
Butyrivibrio_crossotus,45851,10.362429811128127,9.016809931475638,17663.930655760774
Butyrivibrio_fibrisolvens,831,7.605921388463499,4.256679417528238,8338.834978937817
Butyrivibrio_hungatei,185008,2.6033690658499253,0.9437447468949794,1848.7959591672648
Butyrivibrio_proteoclasticus,43305,7.044410413476266,1.743721990580121,3415.951379546457
Butyrivibrio_sp. CAG:318,1262761,5.717202654415521,1.485396924432289,2909.8925749628543
Butyrivibrio_sp. INlla14,1520808,10.66870852475753,2.802796170716506,5490.677698433636
Butyrivibrio_sp. INlla18,1520806,2.9096477794793296,0.5521457717669834,1081.6535668915205
Butyrivibrio_sp. INlla21,1520811,5.206738131699851,1.2781618158634138,2503.9189972764275
Butyrivibrio_sp. M55,1855323,5.97243491577335,1.4739174929661192,2887.4043687206276
Butyrivibrio_sp. Su6,1520810,7.810107197549765,1.623288851571001,3180.0228602275906
Butyrivibrio_sp. YAB3001,1520812,6.687085247575297,1.7163676762437767,3362.3642777615587
Campylobacter_Candidatus Campylobacter infans,2561898,2.297090352220521,0.1418855811711311,277.9538535142458
Campylobacter_armoricus,2505970,3.011740684022457,0.2696573031707532,528.2586569115056
Campylobacter_avium,522485,0.9698825931597765,0.057578141749458335,112.79557968718888
Campylobacter_blaseri,2042961,6.278713629402755,0.9603621511003786,1881.3494540056417
Campylobacter_canadensis,449520,1.8887187340479783,0.10638010992205663,208.39863533730892
Campylobacter_coli,195,5.870342011230223,0.943681300439142,1848.6716675602793
Campylobacter_concisus,199,11.53649821337417,5.419913043296816,10617.609651818462
Campylobacter_corcagiensis,1448857,5.053598774885149,3.0604931629577714,5995.506106234274
Campylobacter_cuniculorum,374106,4.3389484430832015,0.5956903033107068,1166.9573041856747
Campylobacter_curvus,200,3.215926493108734,0.5232625282449423,1025.0712928318421
Campylobacter_fetus,196,8.728943338437977,4.637177114238572,9084.229966793362
Campylobacter_geochelonis,1780362,3.215926493108734,0.65639810833676,1285.883894231713
Campylobacter_gracilis,824,1.7355793772332873,1.5879644848870866,3110.8224258938026
Campylobacter_helveticus,28898,0.7656967840735107,0.07980017043793634,156.3285338879173
Campylobacter_hepaticus,1813019,3.573251659009702,0.7372876339656012,1444.3464749386126
Campylobacter_hominis,76517,17.611026033690656,40.59164047687278,79519.02369419378
Campylobacter_hyointestinalis,198,4.95150587034201,0.9919653538767831,1943.260128244618
Campylobacter_iguaniorum,1244531,1.6334864726901488,0.167926934057641,328.96886381891875
Campylobacter_insulaenigrae,260714,3.879530372639106,1.606190571019444,3146.527328627091
Campylobacter_jejuni,197,8.218478815722307,3.5230748047618112,6901.703542528388
Campylobacter_lanienae,75658,2.9096477794793296,0.3675920260269643,720.1127789868231
Campylobacter_lari,201,4.95150587034201,0.8763332005407314,1716.7367398592928
Campylobacter_mucosalis,202,2.501276161306787,0.3286766458916677,643.877549301777
Campylobacter_novaezeelandiae,2267891,2.6033690658499253,0.33151489289134145,649.4376751741379
Campylobacter_ornithocola,1848766,0.7146503318019359,0.0466643808080136,91.41552200289864
Campylobacter_peloridis,488546,1.6334864726901488,0.20777593154324683,407.03304989322055
Campylobacter_pinnipediorum,1965231,3.573251659009702,0.75047508035873,1470.1806824227522
Campylobacter_rectus,203,2.2460438999489574,4.103327639651709,8038.418846077698
Campylobacter_showae,204,3.3180193976518613,1.6627627239031675,3257.352176126305
Campylobacter_sp. 19-13652,2840180,1.225114854517606,0.070269700258839,137.6583428070656
Campylobacter_sp. 2014D-0216,1813595,0.45941807044410643,0.021129084090050855,41.39187573240962
Campylobacter_sp. CCUG 57310,2517362,3.3180193976518613,0.30635836126533156,600.1560297187846
Campylobacter_sp. CFSAN093227,2572069,0.05104645227156368,0.02541062411494281,49.77941264117296
Campylobacter_sp. RM10537,1032242,1.6334864726901488,0.17986455352767514,352.35466036071557
Campylobacter_sp. RM12175,1660076,1.5824400204185851,0.14546986737165038,284.9754701810631
Campylobacter_sp. RM12651,1660079,4.7983665135273075,2.935532153674284,5750.7074890479225
Campylobacter_sp. RM16192,1660080,1.429300663603883,0.18695315892020228,366.24123832467626
Campylobacter_sp. RM16704,1500960,1.7355793772332873,0.09532502157614418,186.74171726766644
Campylobacter_sp. RM5004,1660078,2.807554874936191,0.39829422431039907,780.2583854240718
Campylobacter_sp. RM6137,1660073,1.225114854517606,0.08989912767029141,176.1123911061009
Campylobacter_sp. RM6914,1032243,5.513016845329255,1.5013913337977953,2941.225622909881
Campylobacter_sp. RM8964,1660074,0.6636038795303723,0.17173459744480093,336.428076394365
Campylobacter_sputorum,206,8.524757529351712,2.9615863416739523,5801.747643339272
Campylobacter_subantarcticus,497724,4.645227156712606,1.5828904312025365,3100.882354725769
Campylobacter_upsaliensis,28080,4.747320061255744,0.8996763410732207,1762.4659521624394
Campylobacter_ureolyticus,827,35.68147013782542,109.67618469308923,214855.6458137618
Campylobacter_volucris,1031542,1.7355793772332873,0.20055470163712796,392.8866605071337
Candida_albicans,5476,80.90862685043389,5003.487455152083,9801831.924642932
Candida_dubliniensis,42374,77.947932618683,271.70956284967076,532279.033622505
Candida_maltosa,5479,77.4885145482389,58.83206277685741,115252.01097986367
Candida_orthopsilosis,273371,76.00816743236345,32.603008827851845,63869.29429376177
Candida_parapsilosis,5480,76.97805002552323,33.65533162824997,65930.79465974169
Candida_tropicalis,5482,78.35630423685554,246.36777160994117,482634.46458387474
Candida_viswanathii,5486,76.77386421643696,149.83817066564583,293532.9763340002
Catenibacterium_mitsuokai,100886,6.584992343032159,2.4280460033653957,4756.5421205928105
Catonella_morbi,43997,10.719754977029094,14.074077935605981,27571.118675852118
Chlamydia_abortus,83555,0.3062787136294043,0.14761641246374999,289.1805520164862
Chlamydia_avium,1457141,1.6334864726901488,0.30968735052838064,606.6775196850976
Chlamydia_caviae,83557,0.2552322613578406,0.011528351214793639,22.584040029780738
Chlamydia_felis,83556,0.15313935681470214,0.008906366765837155,17.447572494274986
Chlamydia_gallinacea,1457153,0.9188361408882129,0.19296396010453562,378.0163978447853
Chlamydia_ibidis,1405396,1.2761613067891808,0.15338867221701366,300.48840887312974
Chlamydia_muridarum,83560,0.6125574272588086,0.054933499551432646,107.61472562125655
Chlamydia_pecorum,85991,1.2761613067891808,0.10999930128798875,215.48863122316996
Chlamydia_pneumoniae,83558,0.6125574272588086,0.09235043289484382,180.91449804099904
Chlamydia_poikilotherma,1967783,0.40837161817253165,0.013085613881748072,25.634717594344473
Chlamydia_psittaci,83554,0.5104645227156701,0.14102069222619223,276.2595360711106
Chlamydia_serpentis,1967782,1.071975497702915,0.07394752611813579,144.86320366542802
Chlamydia_sp. 2742-308,1806891,0.7146503318019359,0.03328317609233698,65.20174196488814
Chlamydia_sp. No. 12,2766982,1.1230219499744787,0.08756268089518972,171.53529187367667
Chlamydia_suis,83559,40.020418580908625,3.302795581724092,6470.176544597496
Chlamydia_trachomatis,813,18.989280245022965,40.95361950774528,80228.14061567301
Citrobacter_amalonaticus,35703,6.023481368044925,296.97631520498425,581776.6014865641
Citrobacter_arsenatis,2546350,3.879530372639106,83.40502306329942,163390.44018100356
Citrobacter_braakii,57706,3.7774374680959677,3036.2655273239693,5948044.168027656
Citrobacter_cronae,1748967,2.807554874936191,249.8634648077478,489482.52755837794
Citrobacter_europaeus,1914243,0.9698825931597765,85.61185576302111,167713.62543975835
Citrobacter_farmeri,67824,7.912200102092903,125.3887395123822,245636.54070475674
Citrobacter_freundii,546,55.4364471669219,10321.021766692818,20218881.64095123
Citrobacter_freundii complex sp. CFNIH2,2066049,2.7565084226646275,56.3780670086444,110444.63326993438
Citrobacter_freundii complex sp. CFNIH3,2077147,0.40837161817253165,19.61099724365666,38417.94360032339
Citrobacter_gillenii,67828,1.8887187340479783,23.831528995976115,46685.965303117206
Citrobacter_koseri,545,8.26952526799387,119814.57753730612,234716757.39558268
Citrobacter_pasteurii,1563222,3.164880040837159,122.73237514854164,240432.72291599307
Citrobacter_portucalensis,1639133,5.002552322613574,946.4725980234582,1854139.8195279546
Citrobacter_rodentium,67825,5.104645227156713,132.685778454907,259931.4399931628
Citrobacter_sedlakii,67826,1.7355793772332873,11.771038135508338,23059.463707460833
Citrobacter_sp. 172116965,2683822,0.9698825931597765,13.198879368945098,25856.604683763446
Citrobacter_sp. 50677481,1736699,1.2761613067891808,24.319733288122475,47642.357511431925
Citrobacter_sp. ABFQG,2529121,0.15313935681470214,22.1879206692349,43466.136591031165
Citrobacter_sp. BDA59-3,2781952,6.993363961204702,31.297292329885362,61311.395674245425
Citrobacter_sp. BIDMC107,1686384,0.9698825931597765,59.56106933043725,116680.13481832657
Citrobacter_sp. CF971,2566012,0.8167432363450744,46.370540006661805,90839.88787305048
Citrobacter_sp. CFNIH10,1920110,2.3991832567636595,37.87776924036904,74202.54994188296
Citrobacter_sp. CRE-46,1703250,1.2761613067891808,109.46972136559681,214451.18415520416
Citrobacter_sp. Colony219,2861802,0.7146503318019359,7.3339300542943455,14367.168976362624
Citrobacter_sp. Colony322,2861801,0.5104645227156701,18.059212634190747,35377.997550379674
Citrobacter_sp. Colony475,2861800,0.10209290454313846,20.911745760890497,40966.10994558448
Citrobacter_sp. FDAARGOS_156,1702170,0.8677896886166381,14.732830534382668,28861.615016855645
Citrobacter_sp. LUTT5,2697370,0.7656967840735107,18.022986411108395,35307.03037936134
Citrobacter_sp. MGH 55,1439319,1.1740684022460424,7.320150386748511,14340.174607640334
Citrobacter_sp. MGH106,1686381,5.308831036242978,80.82267431188694,158331.61897698653
Citrobacter_sp. R56,1573676,6.125574272588052,75.41502062964356,147738.02541347174
Citrobacter_sp. RHB20-C16,2742621,0.05104645227156368,543.9205349931877,1065540.3280516549
Citrobacter_sp. RHB25-C09,2742624,6.074527820316488,63.07934291562395,123572.43277170732
Citrobacter_sp. RHB35-C17,2742625,1.1230219499744787,1163.0662005208223,2278446.686820291
Citrobacter_sp. RHB35-C21,2742626,1.0209290454313402,59.23881379368396,116048.83622182687
Citrobacter_sp. RHB36-C18,2742627,0.35732516590096797,14.345567655488148,28102.967037101283
Citrobacter_sp. RHBSTW-00017,2742629,0.20418580908626582,13.279179334238808,26013.912315773825
Citrobacter_sp. RHBSTW-00021,2742630,0.20418580908626582,6.494872318141259,12723.454871238726
Citrobacter_sp. RHBSTW-00127,2742636,0.2552322613578406,27.268907176981177,53419.789159706124
Citrobacter_sp. RHBSTW-00229,2742641,0.9188361408882129,13.008688567618139,25484.020903963934
Citrobacter_sp. RHBSTW-00424,2742647,0.20418580908626582,0.5246487704112007,1027.7869412355421
Citrobacter_sp. RHBSTW-00524,2742653,1.1230219499744787,395.92485498776335,775616.7909210284
Citrobacter_sp. RHBSTW-00535,2742654,0.05104645227156368,0.12511316196609865,245.09668429158725
Citrobacter_sp. RHBSTW-00570,2742655,0.5615109749872338,12.608177770571382,24699.42025254934
Citrobacter_sp. RHBSTW-00599,2742657,0.9188361408882129,21.94647946280112,42993.15326762739
Citrobacter_sp. RHBSTW-00903,2742670,0.40837161817253165,24.862765477308468,48706.15757004729
Citrobacter_sp. RHBSTW-00944,2742671,0.40837161817253165,16.324049317098947,31978.812612196834
Citrobacter_sp. RHBSTW-00986,2742675,1.5824400204185851,22.56416069134876,44203.190794352224
Citrobacter_sp. RHBSTW-01013,2742677,1.1740684022460424,22.073839881952672,43242.65232874529
Citrobacter_sp. RHBSTW-01044,2742678,0.2552322613578406,12.236483858441375,23971.271878686654
Citrobacter_sp. SX212,2712024,0.05104645227156368,0.06494965490878724,127.2363739663142
Citrobacter_sp. TBCP-5362,2576406,0.8167432363450744,382.3964024014985,749114.5523045355
Citrobacter_sp. TSA-1,184912,1.5313935681470103,5.8016717335583055,11365.47492604072
Citrobacter_sp. XT1-2-2,2942480,0.45941807044410643,3.381179198532276,6623.7300499247285
Citrobacter_sp. Y3,2716879,0.7656967840735107,46.817088228363374,91714.67583936384
Citrobacter_tructae,2562449,8.984175599795819,55.34606415934004,108422.93968814713
Citrobacter_werkmanii,67827,3.726391015824404,207.30484318044037,406110.1877904827
Citrobacter_youngae,133448,2.0929045431342552,321.87048092668414,630544.2721353743
Clostridium_aceticum,84022,6.278713629402755,1.0883014179253085,2131.9824777156796
Clostridium_acetireducens,76489,7.4527820316487965,1.5944061122920714,3123.441573980168
Clostridium_acetobutylicum,1488,8.524757529351712,1.0089773050630348,1976.586540618485
Clostridium_acidisoli,91624,5.870342011230223,0.9563453279694163,1873.4804974920864
Clostridium_algidicarnis,37659,6.074527820316488,1.1935561879185446,2338.1765721324286
Clostridium_amylolyticum,1121298,11.077080142930063,2.595890734152964,5085.349948205657
Clostridium_argentinense,29341,10.719754977029094,3.366074901732858,6594.140732494669
Clostridium_aurantibutyricum,1551,1.5313935681470103,0.8138287218287803,1594.2904660625807
Clostridium_autoethanogenum,84023,0.7146503318019359,1.0035879465649578,1966.0287873207524
Clostridium_baratii,1561,15.72230729964268,3.334807138447207,6532.887184218079
Clostridium_beijerinckii,1520,18.12149055640633,6.941958256365673,13599.296224220354
Clostridium_bolteae CAG:59,1263064,0.6125574272588086,0.517198128467111,1013.1911336670704
Clostridium_bornimense,1216932,7.86115364982134,2.2993470397799562,4504.420850928935
Clostridium_botulinum,1491,64.88004083716181,31.06937462473839,60864.904889862504
Clostridium_butyricum,1492,22.919857069933634,4.7678347451256835,9340.188265701214
Clostridium_cadaveris,1529,8.320571720265447,1.897912773117605,3718.0111225373885
Clostridium_carboxidivorans,217159,5.053598774885149,0.9466136897312502,1854.416218183519
Clostridium_cavendishii,349931,11.842776927003573,2.527860624264913,4952.078962934965
Clostridium_celatum,36834,10.566615620214392,2.123095569928004,4159.14422148896
Clostridium_cellulovorans,1493,7.299642674834095,2.0000455387240983,3918.0892103605083
Clostridium_chauvoei,46867,7.146503318019393,1.1316740662559321,2216.949495795371
Clostridium_chromiireducens,225345,6.431852986217457,0.9003002215825324,1763.688134080181
Clostridium_cochlearium,1494,6.074527820316488,0.7693649718106605,1507.185979777084
Clostridium_collagenovorans,29357,5.615109749872382,0.7747956488373101,1517.8246760722905
Clostridium_combesii,39481,0.6636038795303723,0.15993764065667995,313.317838046436
Clostridium_coskatii,1705578,1.3272077590607445,0.27604711998354864,540.7763080477717
Clostridium_cylindrosporum,1495,4.69627360898418,0.6753833217272773,1323.0759272637363
Clostridium_diolis,223919,1.5313935681470103,1.7324945211072773,3393.9567668491563
Clostridium_disporicum,84024,8.167432363450743,1.351789571485037,2648.1557705391874
Clostridium_drakei,332101,3.164880040837159,0.38348184682436937,751.2409379289396
Clostridium_estertheticum,238834,7.095456865747829,0.891764468773599,1746.9665943274806
Clostridium_fallax,1533,8.88208269525268,1.3977207064088697,2738.1348638549757
Clostridium_felsineum,36839,0.9698825931597765,0.14917856984466735,292.24081832570334
Clostridium_fermenticellae,2068654,9.596733027054615,2.1802996183124423,4271.206952274075
Clostridium_formicaceticum,1497,7.095456865747829,0.696823934587585,1365.078087857079
Clostridium_frigidicarnis,84698,13.986727922409392,4.0382531943709505,7910.938007772693
Clostridium_gasigenes,94869,9.39254721796835,2.377605231580747,4657.7286486666835
Clostridium_gelidum,704125,12.404287901990807,1.337283566583591,2619.7385069372544
Clostridium_grantii,40575,7.146503318019393,1.3066203625472073,2559.669290229979
Clostridium_haemolyticum,84025,1.3782542113323082,0.14072428346345586,275.67887130491005
Clostridium_homopropionicum,36844,7.146503318019393,1.723906199558875,3377.132244935836
Clostridium_indicum,759821,9.086268504338946,4.08606293867125,8004.597296856979
Clostridium_intestinale,36845,10.260336906584989,1.7383359189580718,3405.4000652388627
Clostridium_isatidis,182773,10.260336906584989,3.002236899777168,5881.3820866634715
Clostridium_kluyveri,1534,17.76416539050536,5.096927603574195,9984.881175401848
Clostridium_liquoris,1289519,31.444614599285348,8.124429006243085,15915.756423230205
Clostridium_ljungdahlii,1538,0.35732516590096797,0.07521343381045621,147.3431168346837
Clostridium_luticellarii,1691940,6.789178152118424,1.6611478149444217,3254.188569476122
Clostridium_magnum,33954,9.954058192955594,1.841780063663896,3608.047144717572
Clostridium_manihotivorum,2320868,9.13731495661052,1.7607576036352997,3449.324145521552
Clostridium_neonatale,137838,11.842776927003573,3.3671175096818984,6596.183201466839
Clostridium_novyi,1542,17.40684022460439,6.209330408780811,12164.07827080161
Clostridium_oryzae,1450648,9.647779479326191,3.3461220240822276,6555.053045177084
Clostridium_paraputrificum,29363,22.919857069933634,2.4070596832426427,4715.429919472337
Clostridium_pasteurianum,1501,17.66207248596222,3.1469548122275617,6164.884477153793
Clostridium_perfringens,1502,46.70750382848392,23.471060618818054,45979.80775226457
Clostridium_puniceum,29367,10.66870852475753,1.316735022776271,2579.483909618715
Clostridium_putrefaciens,99675,5.308831036242978,1.2342376933462595,2417.8716412653225
Clostridium_ragsdalei,217158,1.1230219499744787,0.25976803154040645,508.8855737876562
Clostridium_roseum,84029,2.0929045431342552,1.0998047219824645,2154.517450363648
Clostridium_saccharobutylicum,169679,8.524757529351712,1.4127530861347917,2767.5832957380567
Clostridium_saccharoperbutylacetonicum,36745,12.608473711077083,3.397705533341222,6656.105139815454
Clostridium_sartagoforme,84031,8.26952526799387,1.7516437502001811,3431.470106642155
Clostridium_scatologenes,1548,4.849412965798871,0.9605239649656491,1881.6664473677065
Clostridium_septicum,1504,8.37161817253701,1.0654456443574427,2087.20801729623
Clostridium_sp. 'deep sea',2779445,10.617662072485967,1.688461618442492,3307.696310528842
Clostridium_sp. 001,1970093,1.0209290454313402,0.3771082747684273,738.755110271349
Clostridium_sp. 7_2_43FAA,457396,1.1740684022460424,0.9567394778665554,1874.252637140582
Clostridium_sp. AWRP,2212991,4.032669729453808,0.4864269342697571,952.9103642344542
Clostridium_sp. BJN0001,2930219,6.942317508933127,1.8533344266821359,3630.6821418703043
Clostridium_sp. BL8,1354301,7.86115364982134,2.014325985388486,3946.0646053760433
Clostridium_sp. BNL1100,755731,9.698825931597755,2.6074471966681347,5107.989058272876
Clostridium_sp. C1,1155388,14.956610515569169,2.328143172251713,4560.832474441107
Clostridium_sp. C105KSO13,1776045,12.55742725880551,7.768304448740026,15218.108415081711
Clostridium_sp. CAG:167,1262777,5.104645227156713,1.0131017559067599,1984.6663398213425
Clostridium_sp. CAG:242,1262783,4.594180704441042,1.0515630297420313,2060.011975264639
Clostridium_sp. CAG:253,1262785,6.023481368044925,4.409262690544093,8637.745610775879
Clostridium_sp. CAG:299,1262792,4.3389484430832015,1.6441474160971,3220.8847881342185
Clostridium_sp. CAG:411,1262802,6.074527820316488,1.9559489650031907,3831.704022441251
Clostridium_sp. CAG:413,1262803,3.93057682491067,0.6499526611871238,1273.2572632655756
Clostridium_sp. CAG:510,1262816,5.308831036242978,1.3536104058203429,2651.7227850020518
Clostridium_sp. CAG:58,1262824,8.524757529351712,1.8917954063439923,3706.027201027881
Clostridium_sp. CAG:590,1262825,5.717202654415521,1.2839233810173685,2515.2059034130248
Clostridium_sp. CAG:632,1262830,4.287901990811638,1.0779977746842087,2111.797640606365
Clostridium_sp. CAG:678,1262831,4.900459418070446,1.0108989004303341,1980.3509459430245
Clostridium_sp. CAG:964,1262848,6.482899438489021,1.3473122815276077,2639.3847595125835
Clostridium_sp. CM027,2849865,6.227667177131191,1.3867345827011264,2716.6130475115065
Clostridium_sp. CT7,2052574,7.86115364982134,1.8573043836631786,3638.459287596167
Clostridium_sp. D5,556261,5.564063297600819,1.946749115971252,3813.6815181876827
Clostridium_sp. DL-VIII,641107,16.794282797345584,2.271199879962048,4449.2805648456515
Clostridium_sp. DSM 8431,1761781,10.158244002041862,2.3278571137089306,4560.272085755795
Clostridium_sp. HMP27,1487921,6.329760081674318,1.1319324649057216,2217.455698750309
Clostridium_sp. JN-1,2483110,6.023481368044925,1.030514409490293,2018.7777281914837
Clostridium_sp. JN-9,2507159,6.482899438489021,1.201101502752551,2352.957843892247
Clostridium_sp. L74,1560217,2.6033690658499253,1.7291843015675834,3387.4720467708958
Clostridium_sp. M3/9,2934315,5.921388463501787,0.7641502823995575,1496.9704032207333
Clostridium_sp. M62/1,411486,6.329760081674318,4.468607877231898,8754.002831497288
Clostridium_sp. MD294,97138,10.617662072485967,3.87274619452459,7586.709795073672
Clostridium_sp. MF28,1702238,0.5615109749872338,0.20649683401434976,404.5272978341112
Clostridium_sp. MSTE9,1105031,6.738131699846861,3.125366213470627,6122.592412188958
Clostridium_sp. Maddingley MBC34-26,1196322,8.065339458907605,0.8730075695599525,1710.221828767947
Clostridium_sp. N3C,1776758,57.069933639612046,26.49633808633547,51906.32631113118
Clostridium_sp. SY8519,1042156,7.044410413476266,2.2808953255568976,4468.273942765963
Clostridium_sp. USBA 49,1881060,9.39254721796835,2.044715834116721,4005.598319034657
Clostridium_sp. chh4-2,2067550,6.687085247575297,2.138694490663773,4189.702507210331
Clostridium_sporogenes,1509,6.942317508933127,4.409671631952769,8638.546726995473
Clostridium_sulfidigenes,318464,6.431852986217457,1.5256345186497866,2988.718022034932
Clostridium_taeniosporum,394958,8.37161817253701,1.422019227312596,2785.7356663053756
Clostridium_tepidiprofundi,420412,6.789178152118424,1.0785813809758513,2112.9409253316926
Clostridium_tepidum,1962263,8.065339458907605,1.7498177071986558,3427.8928884021666
Clostridium_tetani,1513,14.497192445125062,2.180608926640525,4271.812887288788
Clostridium_tetanomorphum,1553,7.248596222562531,1.0666641662990421,2089.5951017798234
Clostridium_thermarum,1716543,5.46197039305768,0.9907856644217748,1940.949116602257
Clostridium_thermobutyricum,29372,15.211842776926998,8.733242195341267,17108.421460673544
Clostridium_thermopalmarium,29373,4.900459418070446,0.6425896455121185,1258.8331155582403
Clostridium_tyrobutyricum,1519,5.257784583971414,0.884852193305001,1733.4254466844968
Clostridium_uliginosum,119641,9.494640122511488,2.095961182823662,4105.987957151554
Clostridium_vincentii,52704,5.359877488514552,0.9537041000531696,1868.3063320041592
Collinsella_aerofaciens,74426,18.580908626850434,25.993968956679513,50922.18518613517
Collinsella_intestinalis,147207,4.492087799897904,1.1224602713888028,2198.8996716506645
Collinsella_sp. zg1085,2844380,8.677896886166414,5.152078836105551,10092.922439930775
Collinsella_stercoris,147206,5.615109749872382,0.9736596833862574,1907.3993197536784
Companilactobacillus_alimentarius,1602,4.0837161817253715,1.298721762553928,2544.195932843145
Companilactobacillus_allii,1847728,8.116385911179169,3.4411828712337087,6741.277244746835
Companilactobacillus_bobalius,2801451,6.023481368044925,2.3865317026359674,4675.21560546386
Companilactobacillus_crustorum,392416,3.0627871362940318,0.9644328867880596,1889.3240252178089
Companilactobacillus_farciminis,1612,3.8284839203675314,0.7230112001405583,1416.3789410753536
Companilactobacillus_futsaii,938155,4.287901990811638,1.74443274979024,3417.3437568390805
Companilactobacillus_ginsenosidimutans,1007676,4.134762633996935,0.8351775423858014,1636.112805533785
Companilactobacillus_heilongjiangensis,1074467,5.155691679428276,1.2927508967491501,2532.4990067315853
Companilactobacillus_kimchiensis,993692,6.3808065339458935,1.043356836504869,2043.9360427130384
Companilactobacillus_kimchii,2801452,4.236855538540074,2.8576604762864126,5598.156873045083
Companilactobacillus_mindensis,167481,2.2460438999489574,0.2898038029821205,567.7256500419741
Companilactobacillus_nantensis,305793,2.654415518121489,0.7842251326855172,1536.2970349309282
Companilactobacillus_nodensis,460870,2.501276161306787,0.4460696450416846,873.8504346366601
Companilactobacillus_nuruki,1993540,7.350689127105669,2.006446785256738,3930.6292523179495
Companilactobacillus_pabuli,2714036,3.573251659009702,0.9169314356275462,1796.268682394363
Companilactobacillus_paralimentarius,83526,3.7774374680959677,1.1129529405925502,2180.274810620806
Companilactobacillus_tucceti,238012,4.900459418070446,0.8330642365474313,1631.972839396418
Companilactobacillus_versmoldensis,194326,5.666156202143946,1.9771502045855274,3873.2372507830482
Companilactobacillus_zhachilii,2304606,3.7774374680959677,0.34966872490172285,685.001032082475
Coprococcus_[Eubacterium] rectale,39491,17.66207248596222,41.453855819508874,81208.10355041789
Coprococcus_catus,116085,10.158244002041862,6.732101310023532,13188.1864663361
Coprococcus_comes,410072,8.88208269525268,5.086237426467415,9963.939118449665
Coprococcus_eutactus,33043,14.497192445125062,14.0298962851286,27484.56682256693
Coprococcus_sp. ART55/1,751585,9.749872383869318,5.906481484955299,11570.797229027432
Corynebacterium_accolens,38284,4.389994895354777,6.182788116763986,12112.08192074065
Corynebacterium_afermentans,38286,23.940786115364986,13.874433046498732,27180.014338091016
Corynebacterium_ammoniagenes,1697,8.218478815722307,2.6213313463777768,5135.188107554065
Corynebacterium_amycolatum,43765,21.79683511995917,41.006972572732636,80332.65926998324
Corynebacterium_anserum,2684406,3.522205206738127,0.9325655853079305,1826.895981618236
Corynebacterium_appendicis,163202,9.341500765696786,4.8961743346340985,9591.6055215482
Corynebacterium_aquilae,203263,3.4711587544665634,1.2054730224469545,2361.5216509735837
Corynebacterium_argentoratense,42817,3.0627871362940318,0.9070042029853735,1776.8212336483468
Corynebacterium_atypicum,191610,7.912200102092903,3.0813502353844244,6036.365111118087
Corynebacterium_aurimucosum,169292,31.546707503828486,69.07310447094093,135314.2116585733
Corynebacterium_auriscanis,99807,3.0627871362940318,0.6121134607168268,1199.1302695442637
Corynebacterium_belfantii,2014537,4.134762633996935,1.1873092594587427,2325.938839279677
Corynebacterium_bovis,36808,2.0929045431342552,1.384573919967566,2712.3803092164617
Corynebacterium_callunae,1721,4.185809086268499,1.6970194676515669,3324.4611371294195
Corynebacterium_camporealensis,161896,4.134762633996935,8.533659166677703,16717.43830752162
Corynebacterium_casei,160386,5.155691679428276,5.699398652932948,11165.121961095645
Corynebacterium_choanae,1862358,5.513016845329255,0.8400104746659068,1645.5805198705116
Corynebacterium_comes,2675218,2.501276161306787,2.104777992111155,4123.2600865457525
Corynebacterium_coyleae,53374,22.562531904032667,65.74217148930532,128788.91394754911
Corynebacterium_crudilactis,1652495,2.858601327207755,0.8034043632992718,1573.8691477032735
Corynebacterium_cyclohexanicum,322009,2.7565084226646275,0.8584093533662805,1681.6239232445437
Corynebacterium_cystitidis,35757,4.287901990811638,1.0271961665960454,2012.277290361653
Corynebacterium_deserti,1408191,2.6033690658499253,1.206971650723732,2364.457463767791
Corynebacterium_diphtheriae,1717,13.476263399693721,12.390926877411415,24273.825752848963
Corynebacterium_doosanense,1121358,3.573251659009702,3.8985957343726896,7637.349043636099
Corynebacterium_durum,61592,4.389994895354777,0.8674537043773144,1699.341806875159
Corynebacterium_efficiens,152794,3.573251659009702,1.819042965158189,3563.505168744892
Corynebacterium_endometrii,2488819,4.3389484430832015,5.244558576644815,10274.090251647192
Corynebacterium_epidermidicanis,1050174,3.369065849923425,1.2015366783933905,2353.810352972652
Corynebacterium_falsenii,108486,3.8284839203675314,1.9051638281469252,3732.2159393398265
Corynebacterium_flavescens,28028,3.879530372639106,5.856737303997209,11473.348378530533
Corynebacterium_frankenforstense,1230998,3.522205206738127,3.5854382383777073,7023.873508981928
Corynebacterium_freneyi,134034,5.308831036242978,3.688399569335578,7225.574756328398
Corynebacterium_genitalium,38288,0.8167432363450744,2.8914293580863206,5664.310112491102
Corynebacterium_gerontici,2079234,5.257784583971414,1.2924893213359776,2531.98658049718
Corynebacterium_glaucum,187491,12.761613067891787,4.327164350813059,8476.914963242783
Corynebacterium_glucuronolyticum,39791,20.980091883614094,26.97734603600985,52848.62088454329
Corynebacterium_glutamicum,1718,3.369065849923425,5.890031731160455,11538.572161343332
Corynebacterium_glyciniphilum,1404244,1.7355793772332873,0.49668949733438367,973.0147252780577
Corynebacterium_hadale,2026255,7.810107197549765,4.5158777649080015,8846.604541454775
Corynebacterium_halotolerans,225326,2.9606942317508933,3.7210713566231384,7289.578787624728
Corynebacterium_heidelbergense,2055947,2.3481368044920847,0.5973232429960393,1170.156233029241
Corynebacterium_hindlerae,699041,6.074527820316488,2.2540094427162987,4415.604498281229
Corynebacterium_humireducens,1223514,4.134762633996935,4.172529748367805,8173.98577705253
Corynebacterium_imitans,156978,10.66870852475753,13.673534551654514,26786.454186691193
Corynebacterium_incognita,2754725,4.0837161817253715,6.633591335111689,12995.205425483799
Corynebacterium_jeikeium,38289,27.41194486983155,51.90592484859452,101683.70677839668
Corynebacterium_kalinowskii,2675216,2.7565084226646275,1.523629128624277,2984.7894629749585
Corynebacterium_kefirresidentii,1979527,35.22205206738131,56.024355020122265,109751.71148441952
Corynebacterium_kroppenstedtii,161879,20.724859622256254,26.426249802059978,51769.02336223549
Corynebacterium_kutscheri,35755,3.1138335885655954,0.659745727244976,1292.441879672908
Corynebacterium_lactis,1231000,4.0837161817253715,1.438935603299123,2818.874846862982
Corynebacterium_liangguodongii,2079535,4.95150587034201,2.645179700756109,5181.907033781217
Corynebacterium_lipophiloflavum,161889,4.032669729453808,1.5644351463977506,3064.7284517931935
Corynebacterium_lizhenjunii,2709394,4.7983665135273075,9.963715048417127,19518.91777984915
Corynebacterium_lowii,1544413,3.93057682491067,1.529261408959951,2995.823100152544
Corynebacterium_lujinxingii,2763010,8.728943338437977,3.762419092346652,7370.579001907091
Corynebacterium_macginleyi,38290,7.708014293006638,3.905857303518219,7651.574457592192
Corynebacterium_marinum,349751,4.69627360898418,2.8527572407850528,5588.551434697918
Corynebacterium_maris,575200,3.879530372639106,2.6167764557510975,5126.2650768164
Corynebacterium_mastitidis,161890,7.095456865747829,1.8167939253508758,3559.0992997623657
Corynebacterium_matruchotii,43768,6.227667177131191,1.0983894332603883,2151.7448997571005
Corynebacterium_minutissimum,38301,11.740684022460435,12.139371701340853,23781.02916292673
Corynebacterium_mustelae,571915,4.900459418070446,1.0015004404807117,1961.9393629017143
Corynebacterium_mycetoides,38302,4.287901990811638,2.869849597037408,5622.035360596282
Corynebacterium_nuruki,1032851,3.215926493108734,1.4005255487612336,2743.629550023257
Corynebacterium_occultum,2675219,2.7565084226646275,1.3523256042926284,2649.205858809259
Corynebacterium_oculi,1544416,3.011740684022457,1.1418372097160108,2236.859093833665
Corynebacterium_otitidis,29321,3.0627871362940318,2.223510811992405,4355.857680693121
Corynebacterium_pelargi,1471400,2.654415518121489,0.6265316920112006,1227.375584649942
Corynebacterium_phocae,161895,3.369065849923425,4.622110622601256,9054.71470967586
Corynebacterium_pilosum,35756,3.726391015824404,1.5379883202880644,3012.9191194443183
Corynebacterium_pollutisoli,1610489,3.726391015824404,4.258444957972647,8342.293672668415
Corynebacterium_poyangense,2684405,4.747320061255744,0.9775714146951058,1915.0624013877123
Corynebacterium_propinquum,43769,6.278713629402755,1.8214986735508485,3568.315901486112
Corynebacterium_provencense,1737425,1.786625829504851,0.38059464167730506,745.5849030458406
Corynebacterium_pseudodiphtheriticum,37637,3.522205206738127,1.2573327938545238,2463.114943161012
Corynebacterium_pseudogenitalium,38303,27.51403777437468,22.521450119913407,44119.52078491036
Corynebacterium_pseudopelargi,2080757,2.501276161306787,1.012086090878966,1982.6766520318943
Corynebacterium_pseudotuberculosis,1719,3.164880040837159,0.5012728240785875,981.993462369953
Corynebacterium_pyruviciproducens,598660,36.54925982644206,77.81977608470682,152448.94134994067
Corynebacterium_qintianiae,2709392,3.4711587544665634,1.7636092606842955,3454.9105416805346
Corynebacterium_renale,1724,3.522205206738127,1.353797050552786,2652.088422032908
Corynebacterium_resistens,258224,6.891271056661563,2.7734237245645255,5433.1370764219055
Corynebacterium_riegelii,156976,17.66207248596222,80.99882412465362,158676.69646019646
Corynebacterium_rouxii,2719119,2.501276161306787,0.492071794744122,963.968645903735
Corynebacterium_sanguinis,2594913,4.032669729453808,3.5773653203302187,7008.058662526899
Corynebacterium_segmentosum,43990,3.9816232771822335,4.616985163657774,9044.673935605579
Corynebacterium_silvaticum,2320431,2.807554874936191,0.44497937624659595,871.7145980670815
Corynebacterium_simulans,146827,25.319040326697294,185.25211540770331,362908.8940836908
Corynebacterium_singulare,161899,12.404287901990807,10.121708181193226,19828.426326957528
Corynebacterium_sp. 13CS0277,2071994,2.7565084226646275,1.717191727006632,3363.9785932059917
Corynebacterium_sp. CCUG 27540,2823899,18.836140888208273,25.339586553216485,49640.250057751095
Corynebacterium_sp. CNCTC7651,2815361,6.738131699846861,3.679228956582085,7207.609525944305
Corynebacterium_sp. CNJ-954,1904962,1.6845329249617125,0.5352022875383993,1048.4612812877242
Corynebacterium_sp. FDAARGOS 1242,2778078,8.984175599795819,10.023715882975946,19636.45941474988
Corynebacterium_sp. HMSC04H06,1581050,8.779989790709541,13.010844642650191,25488.244654951726
Corynebacterium_sp. HMSC058E07,1715157,10.311383358856563,5.517383427267292,10808.554134016626
Corynebacterium_sp. HMSC078H07,1739379,9.647779479326191,8.185701056259823,16035.788369212993
Corynebacterium_sp. HMSC08A12,1581134,19.091373149566103,23.62439285678676,46280.18560644526
Corynebacterium_sp. HMSC29G08,1581069,7.708014293006638,10.442529195327069,20456.91469364573
Corynebacterium_sp. NML130628,1906333,12.251148545176104,5.892137396060474,11542.697158882469
Corynebacterium_sp. NML140438,1906334,14.701378254211328,14.71204440291343,28820.89498530741
Corynebacterium_sp. NML98-0116,702967,18.9382337927514,25.50800182041047,49970.17556618411
Corynebacterium_sp. sy039,2599641,3.573251659009702,0.7333040004130928,1436.542536809249
Corynebacterium_sphenisci,191493,3.8284839203675314,1.1832875642301421,2318.0603383268485
Corynebacterium_spheniscorum,185761,7.095456865747829,1.1777737932265777,2307.258860930866
Corynebacterium_stationis,1705,3.726391015824404,2.8597433196708986,5602.237163235291
Corynebacterium_striatum,43770,22.970903522205212,165.4524440418313,324121.33787794755
Corynebacterium_suranareeae,2506452,4.0837161817253715,1.4245145523236378,2790.6240080020066
Corynebacterium_terpenotabidum,89154,3.6242981112812656,1.1530154231168475,2258.757213885904
Corynebacterium_testudinoris,136857,3.6242981112812656,3.2263363034254375,6320.3928184104325
Corynebacterium_timonense,441500,5.257784583971414,2.441525572943677,4782.948597396663
Corynebacterium_tuberculostearicum,38304,56.45737621235325,113.49287164613155,222332.5355547717
Corynebacterium_tuscaniense,302449,16.232771822358348,42.55124647827894,83357.89185094845
Corynebacterium_uberis,2883169,11.638591117917308,64.98876628042656,127312.99314335562
Corynebacterium_ulcerans,65058,5.666156202143946,2.5320529669904155,4960.291762334224
Corynebacterium_urealyticum,43771,8.728943338437977,5.176048042309501,10139.878114884314
Corynebacterium_ureicelerivorans,401472,7.86115364982134,3.569064178307078,6991.796725303566
Corynebacterium_urogenitale,2487892,2.7054619703930527,0.9845141930760158,1928.6633042359151
Corynebacterium_uterequi,1072256,3.369065849923425,2.0781059575931518,4071.009570924984
Corynebacterium_variabile,1727,2.501276161306787,1.6138521446080356,3161.5363512871418
Corynebacterium_vitaeruminis,38305,5.257784583971414,6.045224761709038,11842.595308188005
Corynebacterium_xerosis,1725,5.564063297600819,2.5863213586736515,5066.6035416416835
Corynebacterium_yudongzhengii,2080740,4.95150587034201,2.5219240720797997,4940.449257204327
Corynebacterium_zhongnanshanii,2768834,2.7054619703930527,1.0603561535408519,2077.237704786529
Criibacterium_bergeronii,1871336,37.97856049004594,34.718314304657035,68013.17772282314
Cupriavidus_alkaliphilus,942866,1.225114854517606,0.12978919684946189,254.25703662809582
Cupriavidus_basilensis,68895,34.405308831036244,7.268960295846529,14239.893219563352
Cupriavidus_campinensis,151783,21.08218478815722,2.3739694154763398,4650.6060849181495
Cupriavidus_gilardii,82541,3.3180193976518613,2.3010657275406907,4507.787760252213
Cupriavidus_malaysiensis,367825,0.6636038795303723,0.20345055097465287,398.55962935934497
Cupriavidus_metallidurans,119219,37.774374680959674,9.553503648923765,18715.313648241656
Cupriavidus_nantongensis,1796606,2.6033690658499253,1.2294060147011452,2408.4063827995433
Cupriavidus_necator,106590,14.139867279224095,2.9200813351867008,5720.439335630746
Cupriavidus_neocaledonicus,1040979,3.2669729453802976,0.6501068605603055,1273.5593398376386
Cupriavidus_oxalaticus,96344,34.405308831036244,12.113230325526695,23729.818207706794
Cupriavidus_pauculus,82633,27.41194486983155,4.992778800010103,9780.853669219792
Cupriavidus_pinatubonensis,248026,7.146503318019393,1.3035616222156725,2553.6772179205022
Cupriavidus_plantarum,942865,4.134762633996935,0.5967678748014302,1169.0682667360018
Cupriavidus_sp.,1873897,1.3272077590607445,0.9764125443901941,1912.7921744603902
Cupriavidus_sp. EM10,2839983,1.225114854517606,0.5409299149457888,1059.6817033788002
Cupriavidus_sp. ISTL7,2771360,0.40837161817253165,0.07402532987019553,145.01562121571303
Cupriavidus_sp. KK10,1478019,2.1949974476773826,0.9216515296146452,1805.51534651509
Cupriavidus_sp. MP-37,2884455,2.143950995405819,0.6633081961642612,1299.4207562857875
Cupriavidus_sp. USMAA2-4,876364,72.02654415518121,21.301821703343975,41730.26871685085
Cupriavidus_sp. USMAHM13,1389192,0.7146503318019359,0.21576965269251902,422.69274962464476
Cupriavidus_sp. YR651,1855315,5.819295558958649,1.08459912454253,2124.7296849788163
Cupriavidus_taiwanensis,164546,76.97805002552323,36.710722255219714,71916.30489797542
Cutibacterium_acnes,1747,48.2899438489025,34.048081094819494,66700.19086475139
Cutibacterium_avidum,33010,22.562531904032667,15.56854550187491,30498.78063817295
Cutibacterium_granulosum,33011,9.188361408882084,2.855209084387026,5593.354596314184
Cutibacterium_modestum,2559073,4.849412965798871,1.71795348999178,3365.4708868938974
Cutibacterium_namnetense,1574624,18.37672281776417,2.023129331658643,3963.3103607192816
Delftia_acidovorans,80866,77.43746809596733,108.17260270782182,211910.12870462294
Delftia_lacustris,558537,4.185809086268499,8.634331247648607,16914.654914143623
Delftia_sp. Cs1-4,742013,1.071975497702915,0.28133351892930347,551.1323635825055
Delftia_sp. HK171,1920191,1.1740684022460424,0.2661707777614894,521.4285536347577
Delftia_sp. WY8,2708352,0.15313935681470214,0.17992041456321609,352.4640921293403
Delftia_tsuruhatensis,180282,21.18427769270036,7.211903393805249,14128.118748464483
Dermabacter_hominis,36740,7.044410413476266,3.16010636076153,6190.648360731837
Dermabacter_jinjuensis,1667168,14.5992853496682,12.578315337683373,24640.919746521726
Dermabacter_vaginalis,1630135,6.533945890760595,1.386494899061829,2716.1435072621234
Desulfomicrobium_Proteobacteria bacterium CAG:139,1262986,2.501276161306787,1.2536676127709445,2455.9348534182805
Desulfomicrobium_apsheronum,52560,1.4803471158754467,0.10000203154407142,195.90397979483592
Desulfomicrobium_baculatum,899,3.93057682491067,0.6555476895769387,1284.2179238812228
Desulfomicrobium_norvegicum,52561,1.3782542113323082,0.37057349166883075,725.9534701792394
Desulfomicrobium_orale,132132,1.8887187340479783,1.1630630109931452,2278.4404385355715
Desulfomicrobium_sp. ZS1,2952228,1.1230219499744787,0.06150213206291241,120.48267671124542
Desulfovibrio_Candidatus Desulfovibrio trichonymphae,1725232,0.8167432363450744,0.04080809028520604,79.94304886871863
Desulfovibrio_desulfuricans,876,6.227667177131191,3.7355228996743204,7317.889360461993
Desulfovibrio_fairfieldensis,44742,4.900459418070446,0.910169626324731,1783.022297970148
Desulfovibrio_ferrophilus,241368,2.0929045431342552,0.19591295507579795,383.7934789934882
Desulfovibrio_gilichinskyi,1519643,3.9816232771822335,0.6453790435606956,1264.2975463354028
Desulfovibrio_legallii,571438,3.8284839203675314,0.4389958947123413,859.9929577414766
Desulfovibrio_litoralis,466107,3.4201123021949997,0.6289496272752639,1232.112319832242
Desulfovibrio_piger,901,3.93057682491067,1.705311310150218,3340.704856584277
Desulfovibrio_sp. 86,2666132,1.3782542113323082,0.1088845202555452,213.30477518061303
Desulfovibrio_sp. A2,298701,3.93057682491067,0.5827645523907836,1141.635758133545
Desulfovibrio_sp. An276,1965618,2.9606942317508933,0.2687859762130826,526.5517274014288
Desulfovibrio_sp. DV,1844708,12.965798876978052,1.046627689170569,2050.343643085145
Desulfovibrio_sp. G11,631220,4.236855538540074,0.710681537497681,1392.225131957957
Desulfovibrio_sp. MES5,1899016,3.9816232771822335,0.6663992985617527,1305.4762258824735
Desulfovibrio_sp. S3730MH75,1869297,3.573251659009702,0.3796693539758473,743.7722644386848
Desulfovibrio_sp. TomC,1562888,1.5824400204185851,0.1899053466974191,372.02457418024403
Desulfovibrio_sp. X2,941449,36.14088820826953,3.5185002555168086,6892.742000557428
Desulfovibrio_sulfodismutans,63561,11.842776927003573,0.8174590990463324,1601.4023750317651
Desulfovibrio_vulgaris,881,2.2460438999489574,0.24433003363077924,478.6425358826965
Dialister_hominis,2582419,3.522205206738127,2.444056953237633,4787.907571392523
Dialister_invisus,218538,28.07554874936192,90.96558104229678,178201.5732618594
Dialister_massiliensis,2161821,1.5824400204185851,0.9680864760090299,1896.4814065016894
Dialister_micraerophilus,309120,44.86983154670751,467.00010200296083,914853.1998238002
Dialister_pneumosintes,39950,15.875446656457381,26.5975307850776,52104.56280796701
Dialister_sp. CAG:357,1262869,3.4711587544665634,1.5305024247048384,2998.2542499967785
Dialister_succinatiphilus,487173,18.223583460949467,10.960615806040122,21471.8463640326
Dorea_formicigenerans,39486,8.677896886166414,6.605914671299924,12940.986841076552
Dorea_longicatena,88431,12.71056661562021,13.544358270478531,26533.39785186744
Dorea_sp. 5-2,1235798,27.871362940275645,4.856341839327515,9513.573663242601
Dorea_sp. CAG:317,1262873,8.933129147524244,2.0324351173654835,3981.540394918982
Dorea_sp. D27,658665,7.095456865747829,1.9347646234471276,3790.203897332923
Eggerthia_Firmicutes bacterium CAG:791,1262993,6.533945890760595,2.2313459486205263,4371.206713347611
Eggerthia_catenaformis,31973,16.334864726901476,31.862224634005926,62418.09805801761
Empedobacter_brevis,247,5.768249106687085,1.623477486277916,3180.3923956184376
Empedobacter_falsenii,343874,4.032669729453808,13.566175625925336,26576.138051187732
Empedobacter_stercoris,1628248,3.4711587544665634,1.2430071693895892,2435.051044834205
Enhydrobacter_aerosaccus,225324,20.06125574272588,5.974055822751874,11703.17535677092
Enterobacter_asburiae,61645,14.037774374680955,18715.785341025938,36664223.483069815
Enterobacter_bugandensis,881260,4.287901990811638,59.53063022005774,116620.50460109311
Enterobacter_cancerogenus,69218,6.176620724859627,202.0743122690512,395863.5777350713
Enterobacter_chengduensis,2494701,2.297090352220521,156.15878893260387,305915.067518971
Enterobacter_chuandaensis,2497875,3.8284839203675314,217.3562389197979,425800.87204388407
Enterobacter_cloacae,550,16.283818274629912,2185.6274602519347,4281644.19463354
Enterobacter_cloacae complex sp.,2027919,4.0837161817253715,215.388692300639,421946.4482169518
Enterobacter_cloacae complex sp. AR_0002,2798729,0.10209290454313846,4.809372880593208,9421.561473082094
Enterobacter_cloacae complex sp. ECL112,2850493,0.3062787136294043,2.6389885465947316,5169.778562779079
Enterobacter_cloacae complex sp. ECL352,2876028,0.35732516590096797,1.8416283367320656,3607.7499116581166
Enterobacter_cloacae complex sp. ECL404,2912631,0.20418580908626582,5.70047797055681,11167.23634432079
Enterobacter_cloacae complex sp. ECL405,2912630,0.6125574272588086,5.584444861391833,10939.927483466601
Enterobacter_cloacae complex sp. ECL411,2912629,0.7146503318019359,52.39340049721162,102638.67157403757
Enterobacter_cloacae complex sp. ECL414,2912628,0.6125574272588086,23.710517613566125,46448.90400497604
Enterobacter_cloacae complex sp. ECL68,2850494,1.1230219499744787,36.6250994222725,71748.56976823183
Enterobacter_cloacae complex sp. ECL72,2850078,0.35732516590096797,54.322253296084256,106417.29420702906
Enterobacter_cloacae complex sp. ECL78,2850492,0.6636038795303723,86.38144249364693,169221.24584505433
Enterobacter_cloacae complex sp. ECNIH7,1915310,1.1740684022460424,46.45903074855221,91013.24123641377
Enterobacter_cloacae complex sp. FDA-CDC-AR_0132,2077137,0.8167432363450744,8.907923033969178,17450.62122354562
Enterobacter_cloacae complex sp. FDA-CDC-AR_0164,2077136,0.8167432363450744,4.8990443987300765,9597.22797711222
Enterobacter_cloacae complex sp. R_G8,2969431,0.5615109749872338,263.1425012450058,515496.1599389664
Enterobacter_hormaechei,158836,68.81061766207249,7027.193983479063,13766273.013635485
Enterobacter_huaxiensis,2494702,3.2669729453802976,67.7810899839968,132783.1552786497
Enterobacter_kobei,208224,5.257784583971414,418.6930908122485,820219.7649011948
Enterobacter_ludwigii,299767,4.543134252169478,232.10702818460294,454697.66821363714
Enterobacter_mori,539813,3.4201123021949997,159.0690838730497,311616.33530730434
Enterobacter_oligotrophicus,2478464,5.053598774885149,28.52351538482165,55877.56663886561
Enterobacter_roggenkampii,1812935,6.789178152118424,423.0845734725539,828822.6794327331
Enterobacter_sichuanensis,2071710,2.2460438999489574,41.14113872800049,80595.49076815296
Enterobacter_soli,885040,3.011740684022457,72.68063851750304,142381.37085578847
Enterobacter_sp. 18A13,2565914,0.9188361408882129,16.689345411982202,32694.427662073133
Enterobacter_sp. AN-K1,2894203,0.35732516590096797,8.896385257547076,17428.01871953472
Enterobacter_sp. BIDMC 29,1329841,1.0209290454313402,19.081355806457587,37380.37602485041
Enterobacter_sp. BIDMC100,1686399,0.7656967840735107,44.762351003844124,87689.44561653063
Enterobacter_sp. BWH 37,1329836,0.10209290454313846,5.377204740556168,10533.944086749534
Enterobacter_sp. CC120223-11,1378073,4.900459418070446,10.0994788596644,19784.879086082557
Enterobacter_sp. CRENT-193,2051905,0.10209290454313846,13.064578557635269,25593.50939440749
Enterobacter_sp. Colony194,2866201,2.1949974476773826,0.9159989758898316,1794.44199376818
Enterobacter_sp. Crenshaw,1977566,0.5104645227156701,20.59946156610074,40354.34520799135
Enterobacter_sp. DNB-S2,2720029,0.6636038795303723,21.000701466744825,41140.37417335311
Enterobacter_sp. DSM 30060,2747372,1.1230219499744787,139.20831660381984,272709.09222688305
Enterobacter_sp. E20,1560339,0.6125574272588086,32.11854629179188,62920.23218562029
Enterobacter_sp. E76,2596949,4.44104134762634,12.21272597519825,23924.730185413373
Enterobacter_sp. HK169,1868135,0.5615109749872338,39.457124369459045,77296.50663977028
Enterobacter_sp. JBIWA003,2831890,1.4803471158754467,67.5929464340557,132414.58206431512
Enterobacter_sp. JBIWA005,2831891,1.429300663603883,46.4676941932738,91030.21292462338
Enterobacter_sp. JBIWA008,2831892,1.7355793772332873,182.9034418403806,358307.8425653056
Enterobacter_sp. JH25,2923088,0.15313935681470214,16.038914199710078,31420.232917232046
Enterobacter_sp. JUb54,2724468,4.0837161817253715,18.166518496664004,35588.20973496478
Enterobacter_sp. LU1,1848517,0.3062787136294043,3.9717751199374174,7780.707459957401
Enterobacter_sp. MGH 14,1329823,0.05104645227156368,2.443281555333985,4786.388566899276
Enterobacter_sp. MGH 7,1329816,0.05104645227156368,0.6900564950620655,1351.8206738265862
Enterobacter_sp. N18-03635,2500132,0.7656967840735107,40.155658061274515,78664.93414203677
Enterobacter_sp. ODB01,1827481,0.45941807044410643,12.653276749060657,24787.769151409826
Enterobacter_sp. RHBSTW-00175,2742639,2.6033690658499253,21.903134575233967,42908.24063288334
Enterobacter_sp. RHBSTW-00422,2742646,0.35732516590096797,1.3708309174778195,2685.4577673390486
Enterobacter_sp. RHBSTW-00593,2742656,0.45941807044410643,19.550907633078907,38300.22805320158
Enterobacter_sp. RHBSTW-00975,2742673,0.6125574272588086,7.240458715479404,14184.058623624152
Enterobacter_sp. RHBSTW-00994,2742676,5.564063297600819,18.152978599009405,35561.68507545943
Enterobacter_sp. RIT 418,2202164,4.236855538540074,33.2823311187179,65200.08666156837
Enterobacter_sp. SA187,1914861,3.6753445635528292,6.938572101426937,13592.662746695369
Enterobacter_sp. SES19,2705458,1.5824400204185851,72.35283307623816,141739.19999635054
Enterobacter_sp. SGAir0187,2836161,0.7656967840735107,51.78468688454152,101446.20160681685
Enterobacter_sp. YSU,648691,2.0929045431342552,19.993111748067424,39166.50591446408
Enterobacter_sp. kpr-6,1761782,5.155691679428276,19.052736755683384,37324.31130438375
Enterocloster_aldenensis,358742,7.044410413476266,1.69892770865958,3328.199381264117
Enterocloster_asparagiformis,333367,3.6753445635528292,0.9575483297520995,1875.8371779843628
Enterocloster_bolteae,208479,6.431852986217457,6.88202221863752,13481.8815263109
Enterocloster_citroniae,358743,6.3808065339458935,1.2917146861073778,2530.469070084353
Enterocloster_clostridioformis,1531,5.002552322613574,2.162976344011138,4237.270657917819
Enterocloster_lavalensis,460384,2.7565084226646275,0.5943031735564013,1164.2399169969901
Enterococcus_aquimarinus,328396,10.056151097498722,8.113720671546261,15894.778795559127
Enterococcus_asini,57732,10.770801429300658,12.692098263361766,24863.8204979257
Enterococcus_avium,33945,16.028586013272072,43.92766182773981,86054.2895205423
Enterococcus_caccae,317735,9.698825931597755,7.646477882364559,14979.450171552171
Enterococcus_canintestini,317010,9.545686574783051,7.860247306281997,15398.224473006432
Enterococcus_canis,214095,9.290454313425212,21.50825682802805,42134.67512610695
Enterococcus_casseliflavus,37734,24.45125063808066,32.42160930529755,63513.9326290779
Enterococcus_cecorum,44008,18.325676365492594,86.55083064428271,169553.07723214984
Enterococcus_columbae,1355,14.037774374680955,10.909332897073842,21371.383145367658
Enterococcus_devriesei,319970,10.158244002041862,7.728100769420716,15139.349407295183
Enterococcus_dispar,44009,9.800918836140893,6.883682451150384,13485.133921803603
Enterococcus_durans,53345,14.037774374680955,85.68024020157192,167847.5905548794
Enterococcus_faecalis,1351,84.07350689127105,201660.9647940017,395053830.0314493
Enterococcus_faecium,1352,85.75803981623278,1382.1853211698453,2707701.044171727
Enterococcus_gallinarum,1353,7.86115364982134,9.892986231326582,19380.360027168772
Enterococcus_gilvus,160453,7.810107197549765,4.319792038225336,8462.472602883434
Enterococcus_haemoperoxidus,155618,13.680449208779988,20.81996583317685,40786.31306719345
Enterococcus_hermanniensis,249189,6.125574272588052,2.6643844034833917,5219.529046423964
Enterococcus_hirae,1354,16.947422154160286,25.70542401299376,50356.92564145478
Enterococcus_innesii,2839759,1.5824400204185851,0.8927719572320489,1748.940264217584
Enterococcus_italicus,246144,9.13731495661052,12.144987080573179,23792.029690842857
Enterococcus_lactis,357441,9.494640122511488,184.83750808670368,362096.6783418525
Enterococcus_malodoratus,71451,5.308831036242978,1.6122687302501537,3158.434442560051
Enterococcus_moraviensis,155617,10.872894333843796,25.186894284475954,49341.1259032884
Enterococcus_mundtii,53346,9.239407861153648,7.393004254164334,14482.89533390793
Enterococcus_pallens,160454,11.587544665645733,3.801729834588367,7447.588745958611
Enterococcus_phoeniculicola,154621,11.128126595201637,25.609168782881245,50168.36164566436
Enterococcus_plantarum,1077675,7.656967840735074,4.73075915006196,9267.55717497138
Enterococcus_pseudoavium,44007,10.719754977029094,21.412326534711983,41946.747681500776
Enterococcus_quebecensis,903983,10.311383358856563,10.923444477391406,21399.027731209764
Enterococcus_raffinosus,71452,9.851965288412456,11.216595749842533,21973.31107394152
Enterococcus_ratti,150033,11.230219499744765,4.548079269406156,8909.68728876666
Enterococcus_rivorum,762845,13.935681470137828,54.14833952166139,106076.59712293466
Enterococcus_rotai,118060,7.912200102092903,5.8422473657757275,11444.96258955465
Enterococcus_saccharolyticus,41997,10.056151097498722,21.815158936428702,42735.896356463825
Enterococcus_saigonensis,1805431,10.158244002041862,13.77994799441134,26994.918121051818
Enterococcus_silesiacus,332949,12.81265952016335,17.983342842557114,35229.368628569384
Enterococcus_sp. 10A9_DIV0425,1987383,14.34405308831036,14.01208184636374,27449.668337026567
Enterococcus_sp. 3H8_DIV0648,1834178,10.719754977029094,7.7511040681448184,15184.4128694957
Enterococcus_sp. 4G2_DIV0659,1834181,8.26952526799387,7.207227514424994,14118.958700758563
Enterococcus_sp. 7F3_DIV0205,1834189,7.350689127105669,4.419693956797624,8658.180461366544
Enterococcus_sp. 8G7_MSG3316,1834191,11.689637570188872,20.205952405952143,39583.46076326025
Enterococcus_sp. 9D6_DIV0238,1834192,10.107197549770286,13.255137355040626,25966.814078524585
Enterococcus_sp. 9E7_DIV0242,1834193,11.0260336906585,21.613281516532602,42340.418490887365
Enterococcus_sp. CR-Ec1,2057791,1.225114854517606,0.3442391769119151,674.3645475704417
Enterococcus_sp. DA9,2603296,3.4711587544665634,33.52550606436164,65676.46638008446
Enterococcus_sp. FDAARGOS_375,2060307,3.0627871362940318,8.895595466855454,17426.471519569834
Enterococcus_sp. FDAARGOS_553,2420313,3.011740684022457,14.75696111923732,28908.886832585908
Enterococcus_sp. LX10,2920934,9.443593670239913,3919.50605514661,7678312.362032209
Enterococcus_sp. M190262,2582830,5.870342011230223,14.922342297840627,29232.86856146979
Enterococcus_sp. RIT-PI-f,1690244,8.065339458907605,5.694597351949346,11155.71621246877
Enterococcus_sulfureus,1356,11.944869831546711,13.47494962740513,26397.426320086648
Enterococcus_termitis,332950,8.575803981623276,13.55380114513661,26551.89644332262
Enterococcus_thailandicus,417368,11.740684022460435,22.37586158616892,43834.312847304915
Enterococcus_ureasiticus,903984,8.320571720265447,7.938479928952728,15551.482180818395
Enterococcus_ureilyticus,1131292,11.230219499744765,20.777777737967174,40703.6665886777
Enterococcus_villorum,112904,8.88208269525268,12.213107659447793,23925.477904858228
Enterococcus_wangshanyuanii,2005703,8.218478815722307,4.229525877338381,8285.64119370589
Eremococcus_coleocola,88132,14.701378254211328,14.515515350594614,28435.894571814846
Erysipelatoclostridium_[Clostridium] cocleatum,69824,7.248596222562531,1.7340042737143384,3396.914372206389
Erysipelatoclostridium_[Clostridium] innocuum,1522,18.478815722307296,9.432473598940831,18478.21578032509
Erysipelatoclostridium_[Clostridium] spiroforme,29348,7.146503318019393,1.7307850497211632,3390.6079124037587
Erysipelatoclostridium_ramosum,1547,12.046962736089839,7.512593512288275,14717.17069057273
Escherichia_albertii,208962,11.740684022460435,185.28993837778728,362982.98928208527
Escherichia_coli,562,84.58397141398673,204681.3560512435,400970776.504386
Escherichia_fergusonii,564,12.608473711077083,158.3717098949521,310250.17968421115
Escherichia_marmotae,1499973,8.524757529351712,83.33997131466522,163263.00380542918
Escherichia_sp. E4742,2044467,6.6360387953037225,72.79345609463203,142602.38048938414
Escherichia_sp. SCLE84,2725997,2.0929045431342552,7.660792345141391,15007.492204131984
Eubacterium_[Eubacterium] cellulosolvens,29322,5.053598774885149,0.9010884075176346,1765.2321903270463
Eubacterium_aggregans,81409,4.645227156712606,0.6905630667401955,1352.813047744043
Eubacterium_barkeri,1528,5.97243491577335,1.546087413304181,3028.7852426628906
Eubacterium_callanderi,53442,3.7774374680959677,0.6088922272124696,1192.819873109228
Eubacterium_coprostanoligenes,290054,4.747320061255744,1.6403094610067324,3213.3662341121885
Eubacterium_dolichum CAG:375,1263076,4.95150587034201,2.159435917384948,4230.334962157112
Eubacterium_limosum,1736,6.431852986217457,2.535199542456651,4966.45590367258
Eubacterium_maltosivorans,2041044,58.397141398672794,7.561959867864102,14813.879381145776
Eubacterium_oxidoreducens,1732,7.146503318019393,3.4858251987162125,6828.731564285061
Eubacterium_plexicaudatum,97253,7.963246554364467,4.6353588942618895,9080.668073859042
Eubacterium_pyruvativorans,155865,6.482899438489021,1.5285507202974402,2994.4308610626854
Eubacterium_ramulus,39490,8.218478815722307,4.28493020947736,8394.178280366148
Eubacterium_ruminantium,42322,8.014293006636041,5.283811988281268,10350.987685043005
Eubacterium_sp. 14-2,1235790,5.666156202143946,1.6996728570845523,3329.659127028638
Eubacterium_sp. An11,1965542,6.3808065339458935,1.2471455007014653,2443.1580358741708
Eubacterium_sp. CAG:180,1262882,6.023481368044925,2.2793739973597775,4465.293660827804
Eubacterium_sp. CAG:251,1262886,6.6360387953037225,3.892997037614975,7626.381196687736
Eubacterium_sp. CAG:274,1262888,9.290454313425212,3.9681511801428067,7773.608161899759
Eubacterium_sp. CAG:38,1262889,7.146503318019393,1.9912315174688704,3900.822542721517
Eubacterium_sp. CAG:786,1262893,2.7054619703930527,0.4372370844393342,856.5474484166557
Eubacterium_sp. MSJ-33,2841528,5.870342011230223,1.383038692479216,2709.3727985667842
Eubacterium_sp. NSJ-61,2764325,7.401735579377233,2.8150714228432556,5514.724917349938
Eubacterium_sp. OM08-24,2292352,6.329760081674318,2.829971559556398,5543.914285170984
Eubacterium_sp. c-25,2841037,6.227667177131191,2.74900769984304,5385.306083992516
Eubacterium_uniforme,39495,6.738131699846861,2.4514308248958403,4802.3529859709515
Eubacterium_ventriosum,39496,9.39254721796835,5.29781185497213,10378.413423890403
Ezakiella_Firmicutes bacterium CAG:83,1262992,4.747320061255744,3.083026638018461,6039.649183878165
Ezakiella_Tissierellia bacterium KA00581,1588751,37.4170495150587,454.0953550733366,889572.8005886663
Ezakiella_coagulans,46507,45.94180704441041,305.6072700758808,598684.6420786505
Ezakiella_massiliensis,1852374,26.697294538029603,37.91666421098882,74278.74518932709
Facklamia_hominis,178214,36.8044920877999,78.70923977075216,154191.4007109035
Facklamia_languida,82347,13.935681470137828,5.3486162553570304,10477.939244244422
Facklamia_miroungae,120956,8.218478815722307,8.529297687824453,16708.894170448104
Faecalibacterium_duncaniae,411483,2.807554874936191,4.80122263188869,9405.595135869944
Faecalibacterium_hattorii,2935520,6.329760081674318,4.511055934260679,8837.15857521667
Faecalibacterium_prausnitzii,853,18.12149055640633,86.51122477845632,169475.48934099593
Faecalibacterium_sp. HTFF,2929491,4.44104134762634,6.635247493574139,12998.449839911738
Faecalibacterium_sp. I2392,2929490,3.4201123021949997,4.276632773970148,8377.923604207519
Faecalibacterium_sp. I3333,2929492,3.726391015824404,5.434342519813727,10645.876996315092
Faecalibacterium_sp. I3389,2929493,19.857069933639615,4.742682564964986,9290.915144766408
Faecalibacterium_sp. I4179,2929494,4.594180704441042,8.3316583270691,16321.718662728366
Faecalibacterium_sp. I4384,2929495,5.410923940786116,16.471982158956,32268.613049394804
Faecalibacterium_sp. IP118,2929488,3.726391015824404,6.300903102632059,12343.469178056204
Faecalibacterium_sp. IP329,2929489,4.849412965798871,4.258915061815113,8343.214606095806
Falseniella_ignava,137730,17.559979581419093,30.787506999506725,60312.726212033675
Fannyhessea_vaginae,82135,38.897396630934146,15306.33600901469,29985112.24165978
Filifactor_Peptostreptococcaceae bacterium oral taxon 113,1321783,15.773353751914243,17.600215489091866,34478.822143130965
Filifactor_Peptostreptococcaceae bacterium pGA-8,1520829,19.091373149566103,14.478045943805498,28362.49200391497
Filifactor_alocis,143361,13.83358856559469,34.53224863200362,67648.6750700951
Finegoldia_magna,1260,76.16130678917816,580.4267942442054,1137056.0899243983
Flavonifractor_plautii,292800,8.014293006636041,6.773026792034949,13268.359485596466
Flavonifractor_sp. An10,1965537,2.807554874936191,0.8350431619664846,1635.8495542923433
Flavonifractor_sp. An100,1965538,6.125574272588052,2.261773033244203,4430.813372125394
Flavonifractor_sp. An306,1965629,3.3180193976518613,0.7716707621816297,1511.7030231138126
Flavonifractor_sp. An82,1965660,3.7774374680959677,1.1603662027546446,2273.1573911963487
Fretibacterium_fastidiosum,651822,3.522205206738127,13.853249916978815,27138.516587361497
Fusicatenibacter_saccharivorans,1150298,12.71056661562021,17.7887396250996,34848.140925570115
Fusobacterium_canifelinum,285729,6.176620724859627,4.955571849714939,9707.965253591567
Fusobacterium_equinum,134605,11.0260336906585,32.80311942088011,64261.310945504134
Fusobacterium_gastrosuis,1755100,7.146503318019393,1.855489449233451,3634.9038310483306
Fusobacterium_gonidiaformans,849,2.7054619703930527,42.709483250401966,83667.87768753745
Fusobacterium_hwasookii,1583098,9.13731495661052,9.278280557893384,18176.151612913138
Fusobacterium_mortiferum,850,5.819295558958649,1.0470596359012079,2051.1898267304664
Fusobacterium_necrogenes,858,4.849412965798871,0.7832527410949498,1534.3921198050066
Fusobacterium_necrophorum,859,11.587544665645733,7.57950096863444,14848.242397554868
Fusobacterium_nucleatum,851,60.54109239407861,981.6217848467024,1922997.0765146902
Fusobacterium_periodonticum,860,4.3389484430832015,2.4975274571779753,4892.6562886116535
Fusobacterium_pseudoperiodonticum,2663009,13.731495661051552,23.120364465820824,45292.793988542995
Fusobacterium_sp. CAG:439,1262899,4.3389484430832015,0.5321343749766673,1042.4512405792912
Fusobacterium_sp. NSJ-57,2764326,11.53649821337417,3.4825254245032182,6822.267306601804
Fusobacterium_sp. oral taxon 203,671211,5.46197039305768,10.402117798072986,20377.74876642498
Fusobacterium_sp. oral taxon 370,712288,6.8402246043899995,24.82305371420591,48628.36222612937
Fusobacterium_ulcerans,861,6.278713629402755,1.3040930819719692,2554.7183475830875
Fusobacterium_varium,856,7.503828483920372,2.167937690152067,4246.989935007899
Gardnerella_leopoldii,2792978,43.134252169474216,23358.292392186086,45758894.79629254
Gardnerella_piotii,2792977,41.90913731495661,9400.50278103833,18415584.94805409
Gardnerella_swidsinskii,2792979,36.70239918325676,17813.106988344476,34895876.59016683
Gardnerella_vaginalis,2702,65.74783052577845,123877.42557868542,242675876.70864475
Gemella_asaccharolytica,502393,28.892291985706997,251.21195477835104,492124.21941078966
Gemella_bergeri,84136,6.125574272588052,1.6584380939537495,3248.8802260553953
Gemella_haemolysans,1379,16.641143440530882,43.86410228622066,85929.77637870627
Gemella_morbillorum,29391,9.954058192955594,4.5982341648407425,9007.940728923015
Gemella_sanguinis,84135,4.492087799897904,0.9899178076180665,1939.2489851237922
Gemella_sp. ND 6198,2040624,3.8284839203675314,2.7624485655972064,5411.636740004928
Gemella_sp. oral taxon 928,1785995,5.155691679428276,1.9331041848483212,3786.9510981178614
Gemella_sp. zg-570,2840371,8.26952526799387,1.93223677544684,3785.2518431003596
Gemmiger_formicilis,745368,13.986727922409392,15.99353855125661,31331.342021911696
Gemmiger_sp. An120,1965549,5.819295558958649,1.8918711983128103,3706.1756774947953
Gemmiger_sp. An194,1965582,2.143950995405819,0.45879542552870556,898.7802386107342
Gemmiger_sp. An50,1965639,2.6033690658499253,1.1996000894426917,2350.016575218233
Gemmiger_sp. An87,1965662,2.2460438999489574,0.5981443743403398,1171.7648293327259
Globicatella_sanguinis,13076,13.32312404287902,32.48645701540995,63640.96929318809
Globicatella_sulfidifaciens,136093,7.912200102092903,15.393536806901047,30155.93860471915
Granulicatella_adiacens,46124,7.554874936191935,10.407343515049059,20387.985945981105
Granulicatella_balaenopterae,137733,7.044410413476266,3.3887190199861794,6638.500560152926
Granulicatella_elegans,137732,27.309851965288413,40.14336632483624,78640.85463035418
Haemophilus_[Haemophilus] ducreyi,730,5.359877488514552,2.3225736649451663,4549.921809627581
Haemophilus_aegyptius,197575,0.35732516590096797,0.8466223695652297,1658.5332219782852
Haemophilus_haemolyticus,726,6.533945890760595,15.85142647987982,31052.944474084565
Haemophilus_influenzae,727,32.61868300153139,50.66683448309636,99256.32875238577
Haemophilus_paracuniculus,734,5.206738131699851,1.084479569153216,2124.4954759711504
Haemophilus_parahaemolyticus,735,2.1949974476773826,1.4526427131570443,2845.7270750746497
Haemophilus_parainfluenzae,729,15.211842776926998,267.9064822507882,524828.7987292941
Haemophilus_paraphrohaemolyticus,736,2.858601327207755,2.7009970701231842,5291.253260371318
Haemophilus_pittmaniae,249188,2.5523226135783617,1.9262720676202503,3773.56698046807
Haemophilus_quentini,123834,6.329760081674318,10.820895100484089,21198.13350184833
Haemophilus_sp. C1,1661745,1.3782542113323082,2.7228889171371975,5334.13938867177
Haemophilus_sp. HMSC71H05,1608898,2.2460438999489574,2.9690765448077943,5816.420951278469
Haemophilus_sp. oral taxon 036,712310,1.8887187340479783,3.509434733913832,6874.982643737197
Haemophilus_sputorum,1078480,3.164880040837159,1.1326145464819126,2218.791896558067
Hafnia_alvei,569,7.044410413476266,18.546073447219424,36331.75788310285
Hafnia_paralvei,546367,4.0837161817253715,4.040319378417476,7914.985662319836
Hafnia_sp. CBA7124,1848580,0.20418580908626582,4.9601289462058435,9716.892605617248
Herbaspirillum_aquaticum,568783,16.539050535987755,3.33688661781081,6536.960884291377
Herbaspirillum_frisingense,92645,23.838693210821848,2.827119655337202,5538.327404805579
Herbaspirillum_hiltneri,341045,3.6753445635528292,0.5390997778073373,1056.0964647245737
Herbaspirillum_huttiense,863372,39.86727922409392,89.41741324136726,175168.71253983845
Herbaspirillum_robiniae,2014887,7.503828483920372,1.1207520541396647,2195.553274059603
Herbaspirillum_rubrisubalbicans,80842,13.680449208779988,2.0754060141679127,4065.720381754941
Herbaspirillum_seropedicae,964,11.434405308831042,1.9470459589679359,3814.2630336181865
Herbaspirillum_sp.,1890675,5.410923940786116,0.7158130550942995,1402.2777749297327
Herbaspirillum_sp. 3R-3a1,2293566,16.99846860643185,1.9613919683228511,3842.366865944465
Herbaspirillum_sp. CF444,1144319,4.44104134762634,0.7028105462216068,1376.8058600481277
Herbaspirillum_sp. GW103,1175306,8.37161817253701,1.6556422443120895,3243.403156607383
Herbaspirillum_sp. YR522,1144342,12.098009188361413,1.2640494648372023,2476.2729016160793
Herbaspirillum_sp. meg3,2025949,2.7054619703930527,0.49723599063847523,974.085305660773
Holdemanella_biformis,1735,8.728943338437977,4.237411236728206,8301.088612750555
Hungatella_effluvii,1096246,7.605921388463499,2.0340653599882965,3984.734040217073
Hungatella_hathewayi,154046,5.513016845329255,1.147420189628553,2247.796151482335
Hungatella_xylanolytica,384636,5.615109749872382,4.163311209139951,8155.926658705163
Intestinimonas_butyriciproducens,1297617,6.023481368044925,2.0377928452822336,3992.0361839078955
Jonquetella_anthropi,428712,11.740684022460435,198.36359273627417,388594.2781703611
Klebsiella_aerogenes,548,17.917304747320063,1292.763497282581,2532523.691176576
Klebsiella_africana,2489010,6.125574272588052,67.43407205357033,132103.34715294428
Klebsiella_grimontii,2058152,19.244512506380808,88.50163268625364,173374.69843237087
Klebsiella_huaxiensis,2153354,5.666156202143946,23.63231696461201,46295.70893367493
Klebsiella_michiganensis,1134687,8.26952526799387,590.1586022859882,1156120.7018782508
Klebsiella_oxytoca,571,10.770801429300658,413.1870736488212,809433.4772780407
Klebsiella_pasteurii,2587529,0.9188361408882129,2.9473219823673884,5773.803763457714
Klebsiella_pneumoniae,573,83.15467075038285,68503.45407615001,134198266.53517786
Klebsiella_quasipneumoniae,1463165,32.006125574272595,707.0092685123846,1385031.1570157614
Klebsiella_quasivariicola,2026240,4.134762633996935,77.6880587118954,152190.90701660307
Klebsiella_sp. A52,2834819,1.6845329249617125,19.861314033490792,38908.314191608464
Klebsiella_sp. BDA134-6,2787706,1.429300663603883,3.2915592442860664,6448.164559556404
Klebsiella_sp. CTHL.F3a,2873296,1.7355793772332873,7.3555262053666635,14409.475836313293
Klebsiella_sp. FDAARGOS_511,2488567,0.8167432363450744,18.73582632424195,36703.483769189974
Klebsiella_sp. KPN54798,2897413,1.5313935681470103,68.34297079816784,133883.8797936108
Klebsiella_sp. LTGPAF-6F,1905288,0.6125574272588086,0.8808880497878327,1725.6596895343644
Klebsiella_sp. LY,2015795,0.8167432363450744,31.767980713988106,62233.4742187027
Klebsiella_sp. MPUS7,2697371,0.8677896886166381,12.056757657452982,23619.188250950392
Klebsiella_sp. P1927,2829836,0.6636038795303723,57.376194830202266,112399.96567236623
Klebsiella_sp. P1954,2829835,0.10209290454313846,0.5792276671845459,1134.7070000145254
Klebsiella_sp. P1CD1,2267618,1.939765186319553,8.879646100752073,17395.22671137331
Klebsiella_sp. PCX,2686364,0.5615109749872338,37.394823607851826,73256.45944778173
Klebsiella_sp. PL-2018,2851540,2.6033690658499253,8.77362995195088,17187.541075871774
Klebsiella_sp. RIT-PI-d,1681196,6.074527820316488,7.277808911705903,14257.227658031865
Klebsiella_sp. WP3-S18-ESBL-05,2675711,0.45941807044410643,7.7382302728691945,15159.193104550752
Klebsiella_sp. WP3-W18-ESBL-02,2675710,0.5615109749872338,4.190816509118876,8209.809541363878
Klebsiella_sp. WP4-W18-ESBL-05,2675713,1.939765186319553,17.482131562937294,34247.49573179416
Klebsiella_variicola,244366,35.63042368555386,875.4773519626847,1715060.1324948992
Klebsiella_variicola CAG:634,1263083,0.7146503318019359,10.41741343407059,20407.712917344288
Kocuria_flava,446860,2.7565084226646275,0.4863684191507709,952.7957331163602
Kocuria_indica,1049583,1.0209290454313402,1.6324040483644746,3197.879530746006
Kocuria_marina,223184,0.8167432363450744,0.2616425488198965,512.5577531381773
Kocuria_palustris,71999,5.359877488514552,1.4740573457112822,2887.678340248402
Kocuria_polaris,136273,0.7146503318019359,0.15745900550945297,308.46219179301835
Kocuria_rhizophila,72000,12.506380806533945,55.32706544854308,108385.7212136959
Kocuria_rosea,1275,1.5824400204185851,0.22369080811104103,438.2102930895294
Kocuria_sp. BT304,1702043,0.6636038795303723,0.5437888484790478,1065.2823541704547
Kocuria_sp. KD4,2719588,0.6636038795303723,0.19372122260051336,379.4998750744057
Kocuria_sp. TGY1127_2,2711328,3.369065849923425,0.7128022598385848,1396.3796270237876
Kocuria_turfanensis,388357,2.9096477794793296,0.558885639141607,1094.8569670784082
Kocuria_varians,1272,2.654415518121489,1.0531855504100875,2063.1904932533616
Kytococcus_aerolatus,592308,1.8887187340479783,0.2473277258216353,484.5150148845836
Kytococcus_schroeteri,138300,2.2460438999489574,0.6982240700500922,1367.8209532281307
Kytococcus_sedentarius,1276,6.942317508933127,1.518201219015987,2974.1561880523186
Lachnospira_eligens,39485,10.66870852475753,12.835416841128486,25144.581591770704
Lachnospira_multipara,28051,3.93057682491067,1.3996331484406475,2741.8813377952283
Lachnospira_pectinoschiza,28052,8.167432363450743,5.0824397286345,9956.499428394985
Lacticaseibacillus_brantae,943673,1.786625829504851,0.29705595994742573,581.932625537007
Lacticaseibacillus_camelliae,381742,4.543134252169478,0.9350102948769449,1831.685167663935
Lacticaseibacillus_casei,1582,5.104645227156713,7.0475364495325215,13806.123904634209
Lacticaseibacillus_chiayiensis,2100821,5.615109749872382,1.8828413113075053,3688.486128851403
Lacticaseibacillus_manihotivorans,88233,6.3808065339458935,2.035757427336428,3988.048800152062
Lacticaseibacillus_nasuensis,944671,2.2460438999489574,0.15958713581199022,312.63119905568885
Lacticaseibacillus_pantheris,171523,1.5824400204185851,0.4249213636535734,832.4209513973503
Lacticaseibacillus_paracasei,1597,35.17100561510975,1022.7842890055977,2003634.4221619659
Lacticaseibacillus_rhamnosus,47715,12.30219499744768,1728.346084028552,3385829.9786119335
Lacticaseibacillus_saniviri,931533,1.5313935681470103,0.24950558846347862,488.7814477999546
Lacticaseibacillus_sharpeae,1626,3.522205206738127,0.5075249018011626,994.2412826284776
Lacticaseibacillus_thailandensis,381741,3.1138335885655954,0.25229025950133377,494.2366183631129
Lacticaseibacillus_zeae,57037,4.032669729453808,0.97628831149861,1912.5488022257769
Lactiplantibacillus_argentoratensis,271881,0.6636038795303723,0.36259651851623387,710.3265797733021
Lactiplantibacillus_fabifermentans,483011,5.257784583971414,0.7605413422690954,1489.900489505158
Lactiplantibacillus_paraplantarum,60520,3.7774374680959677,2.3480409547842402,4599.812230422327
Lactiplantibacillus_pentosus,1589,12.455334354262382,6.0777213865302295,11906.25619621272
Lactiplantibacillus_plantarum,1590,50.02552322613578,5122.483007723344,10034944.21213003
Lactiplantibacillus_xiangfangensis,942150,5.002552322613574,0.7981500442073928,1563.5759366022824
Lactobacillus_acetotolerans,1600,37.26391015824401,24.36808236536128,47737.073353742744
Lactobacillus_acidophilus,1579,52.322613578356304,101.54330916893676,198923.3426619471
Lactobacillus_amylolyticus,83683,40.53088310362429,32.49775362112952,63663.099343792725
Lactobacillus_amylovorus,1604,68.70852475752936,691.1634523160023,1353989.2030870486
Lactobacillus_apis,303541,9.13731495661052,2.351941513975949,4607.453425878884
Lactobacillus_bombicola,1505723,12.81265952016335,4.110480604927649,8052.431505053265
Lactobacillus_crispatus,47770,77.38642164369575,215510.78325409757,422185624.3947771
Lactobacillus_delbrueckii,1584,65.79887697805003,1073.2705623976426,2102537.031736982
Lactobacillus_equicursoris,420645,14.088820826952531,16.216310808166682,31767.752873198533
Lactobacillus_gallinarum,52242,37.31495661051557,44.609593385743395,87390.19344267131
Lactobacillus_gasseri,1596,74.73200612557427,28619.58371896742,56065764.50545718
Lactobacillus_gigeriorum,1203069,36.24298111281266,44.984392679561815,88124.4252592616
Lactobacillus_hamsteri,96565,31.138335885655945,18.315146223627856,35879.37145208697
Lactobacillus_helsingborgensis,1218494,1.3272077590607445,0.24118175222837726,472.47505261539106
Lactobacillus_helveticus,1587,71.92445125063809,873.9200609120554,1712009.3993267165
Lactobacillus_hominis,1203033,50.38284839203675,65.61920756920237,128548.02762806744
Lactobacillus_iners,147802,78.25421133231241,144894.28530759053,283847904.9175699
Lactobacillus_intestinalis,151781,24.349157733537517,20.325767269153022,39818.17808027077
Lactobacillus_jensenii,109790,71.00561510974987,23554.98993640085,46144225.285409264
Lactobacillus_johnsonii,33959,75.08933129147523,1122.950662004155,2199860.3468661397
Lactobacillus_kalixensis,227944,22.2052067381317,14.34125160278714,28094.51188986001
Lactobacillus_kefiranofaciens,267818,44.5635528330781,1461.4344715800416,2862950.1298253015
Lactobacillus_kimbladii,1218506,6.789178152118424,1.4653145275750854,2870.551159519592
Lactobacillus_kitasatonis,237446,45.125063808065335,134.53336701817753,263550.8659886098
Lactobacillus_kullabergensis,1218493,8.37161817253701,2.3758544339172207,4654.298836043836
Lactobacillus_melliventris,1218507,16.181725370086774,6.348863226112117,12437.423059953637
Lactobacillus_panisapium,2012495,30.06636038795304,10.85561868652859,21266.157006909507
Lactobacillus_paragasseri,2107999,55.4364471669219,5051.627293033715,9896137.867053049
Lactobacillus_pasteurii,872327,29.147524247064826,12.151941037198846,23805.652491872537
Lactobacillus_psittaci,116089,29.1985706993364,85.48557948258014,167466.25020637448
Lactobacillus_rodentium,947835,28.228688106176627,9.719021514208732,19039.563146334905
Lactobacillus_selangorensis,81857,5.104645227156713,0.8169048268653032,1600.316555829129
Lactobacillus_sp. 3B(2020),2695882,10.92394078611536,4.62553982245928,9061.432512197729
Lactobacillus_sp. CBA3605,2099788,3.369065849923425,0.48052790921482263,941.3541741518376
Lactobacillus_sp. CBA3606,2099789,2.450229709035223,0.24402812901310686,478.05110473667634
Lactobacillus_sp. JM1,2690380,14.752424706482902,2433.028996407619,4766303.803962526
Lactobacillus_sp. wkB8,1545702,2.0929045431342552,0.37818123873103915,740.8570466741057
Lactobacillus_taiwanensis,508451,45.227156712608476,101.27059804059485,198389.1015615253
Lactobacillus_terrae,2269374,6.125574272588052,1.9122461085228284,3746.0901265962207
Lactobacillus_ultunensis,227945,30.372639101582443,63.864016420133325,125109.60816704118
Lactococcus_allomyrinae,2419773,2.7054619703930527,0.9181260361257169,1798.6089047702794
Lactococcus_carnosus,2749961,0.5615109749872338,0.17326765508565248,339.4313363127932
Lactococcus_chungangensis,451457,2.501276161306787,0.9030646747107506,1769.1036977583603
Lactococcus_cremoris,1359,9.749872383869318,31.394524012818096,61501.87254111065
Lactococcus_formosensis,1281486,0.9188361408882129,62.61567783658267,122664.11288186545
Lactococcus_fujiensis,610251,3.522205206738127,1.7291752974577004,3387.454407719635
Lactococcus_garvieae,1363,9.596733027054615,964.9138092134577,1890266.1522491637
Lactococcus_lactis,1358,16.436957631444614,158.56333765681921,310625.57846970885
Lactococcus_paracarnosus,2749962,0.05104645227156368,0.5070709837231683,993.3520571136866
Lactococcus_petauri,1940789,2.0929045431342552,504.3100901909949,987943.466684159
Lactococcus_piscium,1364,2.297090352220521,20.015513697916937,39210.39133421928
Lactococcus_plantarum,1365,4.185809086268499,1.9406513237389533,3801.7359432046096
Lactococcus_protaetiae,2592653,3.4201123021949997,1.4832400861269455,2905.6673287226863
Lactococcus_raffinolactis,1366,6.584992343032159,9.614005133326089,18833.836056185806
Lactococcus_reticulitermitis,2025039,3.1138335885655954,0.5344861189781027,1047.0583070781033
Lactococcus_sp. LG1074,2816909,0.7656967840735107,411.2962936855547,805729.4393300017
Lactococcus_sp. LG1267,2816910,1.225114854517606,581.7016380176876,1139553.5088766501
Lactococcus_sp. LG592,2816911,3.0627871362940318,237.95415022702596,466152.18029474386
Lactococcus_sp. LG606,2816912,0.6125574272588086,181.1999937600457,354970.7877759295
Lactococcus_taiwanensis,1151742,3.4201123021949997,1.3023313047138856,2551.267025934502
Lactococcus_termiticola,2169526,1.1740684022460424,0.4854592581413908,951.0146866989845
Lancefieldella_parvula,1382,12.863705972434914,43.47785524294301,85173.11842092536
Lancefieldella_rimae,1383,12.20010209290454,388.79698242736094,761653.2885752001
Lawsonella_clevelandensis,1528099,48.545176110260336,144.25879638695065,282602.98212203634
Lentilactobacillus_buchneri,1581,4.389994895354777,1.3991356198469844,2740.9066792802423
Lentilactobacillus_curieae,1138822,5.666156202143946,1.3466890579225754,2638.1638644703253
Lentilactobacillus_diolivorans,179838,5.870342011230223,1.8637506466551323,3651.087516797404
Lentilactobacillus_farraginis,390841,3.726391015824404,1.7721001198836233,3471.544134852018
Lentilactobacillus_hilgardii,1588,4.0837161817253715,0.5938791069695183,1163.4091705532862
Lentilactobacillus_kefiri,33962,2.5523226135783617,0.5343643007073483,1046.8196650856953
Lentilactobacillus_kisonensis,481722,3.93057682491067,0.764696624825287,1498.0406880327373
Lentilactobacillus_laojiaonis,2883998,1.8376722817764146,0.27322968805118647,535.2569588922743
Lentilactobacillus_otakiensis,481720,2.7054619703930527,0.8637589734953753,1692.1038290774402
Lentilactobacillus_parabuchneri,152331,3.8284839203675314,1.2340730127097803,2417.54903189846
Lentilactobacillus_parafarraginis,390842,5.206738131699851,1.0893744868547195,2134.0846197483957
Lentilactobacillus_parakefiri,152332,5.768249106687085,6.250336889586924,12244.409966700785
Lentilactobacillus_rapi,481723,2.0929045431342552,0.3161488588589702,619.3356145047227
Lentilactobacillus_senioris,931534,1.2761613067891808,0.4414473055279308,864.7952715292165
Lentilactobacillus_sunkii,481719,3.93057682491067,0.6141834344626435,1203.1853481123185
Levilactobacillus_acidifarinae,267364,2.0418580908626804,0.34026511060824816,666.5793516815581
Levilactobacillus_bambusae,2024736,2.3991832567636595,0.2629080032506989,515.0367783681191
Levilactobacillus_brevis,1580,16.794282797345584,6.469359010606245,12673.474301777633
Levilactobacillus_hammesii,267633,0.7656967840735107,0.06252182827870652,122.48026159798607
Levilactobacillus_koreensis,637971,1.1740684022460424,0.2342175677387841,458.8322152002781
Levilactobacillus_namurensis,380393,4.44104134762634,0.71016152140086,1391.2064204242847
Levilactobacillus_parabrevis,357278,2.654415518121489,0.5077621120860716,994.7059775766143
Levilactobacillus_paucivorans,616990,1.8376722817764146,0.19939510762148382,390.6150158304868
Levilactobacillus_senmaizukei,431273,3.2669729453802976,0.30814835772632426,603.6626327858693
Levilactobacillus_spicheri,216463,75.90607452782032,64.39494533897417,126149.6979190504
Levilactobacillus_suantsaii,2292255,2.3991832567636595,0.19800778116458065,387.8972433014135
Levilactobacillus_zymae,267363,1.4803471158754467,0.261073334011965,511.4426613294394
Ligilactobacillus_acidipiscis,89059,7.350689127105669,5.9342900300162755,11625.274168801883
Ligilactobacillus_agilis,1601,8.014293006636041,2.022431881327022,3961.9440555196365
Ligilactobacillus_animalis,1605,1.3782542113323082,0.15524465237017965,304.12427399318193
Ligilactobacillus_apodemi,307126,5.002552322613574,1.4906309759486265,2920.1460818833593
Ligilactobacillus_araffinosus,147809,1.7355793772332873,0.12890342559296034,252.5218107366093
Ligilactobacillus_aviarius,1606,3.164880040837159,0.40484211680645577,793.0857068238469
Ligilactobacillus_ceti,395085,4.3389484430832015,0.7147661269614373,1400.2268427174556
Ligilactobacillus_equi,137357,6.176620724859627,1.0181683731941302,1994.5918430873012
Ligilactobacillus_hayakitensis,396716,2.807554874936191,0.2596833056936201,508.7195958538017
Ligilactobacillus_murinus,1622,4.44104134762634,0.6843637097555112,1340.6685074110464
Ligilactobacillus_pobuzihii,449659,7.86115364982134,2.6661851307367033,5223.056671113201
Ligilactobacillus_ruminis,1623,9.086268504338946,5.867439262097787,11494.313514449565
Ligilactobacillus_saerimneri,228229,7.708014293006638,1.6411561935676053,3215.024983198939
Ligilactobacillus_salivarius,1624,35.68147013782542,29.66572840334128,58115.16194214557
Limosilactobacillus_antri,227943,24.757529351710062,15.865384624042942,31080.288478500122
Limosilactobacillus_coleohominis,181675,42.266462480857584,240.3906837761588,470925.3495174951
Limosilactobacillus_equigenerosi,417373,8.62685043389484,2.2375839086469558,4383.426877039386
Limosilactobacillus_fermentum,1613,65.44155181214906,359.9161860801453,705075.8085310046
Limosilactobacillus_frumenti,104955,17.202654415518126,15.947629968586213,31241.407108460393
Limosilactobacillus_gastricus,227942,8.014293006636041,3.486441574951832,6829.939045330639
Limosilactobacillus_ingluviei,148604,5.819295558958649,1.0788755814181255,2113.517263998108
Limosilactobacillus_mucosae,97478,13.935681470137828,21.952755834586867,43005.44867995567
Limosilactobacillus_oris,1632,28.126595201633485,23.94813797133477,46914.402285844815
Limosilactobacillus_panis,47493,16.38591117917305,4.228272127977967,8283.185098708838
Limosilactobacillus_pontis,35787,5.97243491577335,1.055596168360043,2067.9128938173244
Limosilactobacillus_reuteri,1598,61.61306789178151,114.30605192437336,223925.5557198474
Limosilactobacillus_secaliphilus,396268,7.810107197549765,0.9196029306738036,1801.5021411899813
Limosilactobacillus_vaginalis,1633,41.75599795814191,862.5673457749218,1689769.430373072
Liquorilactobacillus_aquaticus,392566,4.849412965798871,1.0204366276213492,1999.035353510223
Liquorilactobacillus_cacaonum,483012,4.69627360898418,1.073436479595027,2102.862063526658
Liquorilactobacillus_capillatus,480931,6.993363961204702,1.1212714781468278,2196.5708256896355
Liquorilactobacillus_ghanensis,399370,6.6360387953037225,1.8742269907560951,3671.6106748911902
Liquorilactobacillus_hordei,468911,12.353241449719244,3.2045448617385524,6277.703384145824
Liquorilactobacillus_mali,1618,14.037774374680955,4.538404852798268,8890.735106631808
Liquorilactobacillus_nagelii,82688,7.401735579377233,21.94997432805369,42999.999708657175
Liquorilactobacillus_oeni,303241,4.3389484430832015,1.369932759876151,2683.69827659738
Liquorilactobacillus_satsumensis,259059,4.645227156712606,0.8945306393237952,1752.3855224353147
Liquorilactobacillus_sucicola,519050,5.053598774885149,0.918624552334757,1799.5854980237891
Liquorilactobacillus_uvarum,303240,3.573251659009702,0.7513494088208021,1471.8934918799514
Liquorilactobacillus_vini,238015,5.308831036242978,0.795421952550834,1558.2316050470838
Mageeibacillus_indolicus,884684,43.64471669218989,373.4974647572528,731681.5334594583
Mammaliicoccus_fleurettii,150056,6.993363961204702,1.4484297731891937,2837.4739256776306
Mammaliicoccus_lentus,42858,3.0627871362940318,0.4410045654966587,863.9279438079543
Mammaliicoccus_sciuri,1296,11.332312404287903,6.970341622185991,13654.899237862357
Mammaliicoccus_stepanovicii,643214,3.215926493108734,0.33145797910246344,649.3261810617258
Mammaliicoccus_vitulinus,71237,6.993363961204702,1.4411327386172592,2823.1790349512107
Mediterraneibacter_[Ruminococcus] gnavus,33038,10.209290454313425,9.478408311490508,18568.201882209905
Mediterraneibacter_[Ruminococcus] lactaris,46228,9.188361408882084,10.349975226605412,20275.601468920002
Mediterraneibacter_[Ruminococcus] torques,33039,9.749872383869318,8.358318761738943,16373.946454246588
Megamonas_funiformis,437897,6.482899438489021,3.647117346673012,7144.70288213243
Megamonas_funiformis CAG:377,1263086,0.40837161817253165,0.05361806450332664,105.03778836201688
Megamonas_hypermegale,158847,7.248596222562531,2.8826760645998264,5647.16241055106
Megamonas_rupellensis,491921,1.9908116385911168,0.7116642349098276,1394.1502361883522
Megasphaera_Veillonellaceae bacterium DNF00626,1588754,40.63297600816743,487.0904835327127,954210.2572405842
Megasphaera_cerevisiae,39029,8.728943338437977,59.141474305693684,115858.14816485393
Megasphaera_elsdenii,907,10.821847881572232,32.37303713019967,63418.77973806115
Megasphaera_hexanoica,1675036,8.473711077080148,31.500332012017903,61709.15041154307
Megasphaera_massiliensis,1232428,6.6360387953037225,18.496045975822867,36233.754066637
Megasphaera_micronuciformis,187326,16.794282797345584,39.538621712528396,77456.15993484313
Megasphaera_paucivorans,349095,8.473711077080148,33.676108235124495,65971.49603260889
Megasphaera_sp. DISK 18,1776081,10.617662072485967,13.842038198990062,27116.552831821533
Megasphaera_sp. MJR8396C,1603888,7.197549770290967,13.68925019666015,26817.241135257234
Megasphaera_stantonii,2144175,8.728943338437977,38.19609122424314,74826.14270829232
Megasphaera_vaginalis,1111454,31.240428790199083,68.58935771490307,134366.5517634951
Metamycoplasma_[Mycoplasma] phocidae,142651,1.1740684022460424,0.2500306084517798,489.80996195703665
Metamycoplasma_alkalescens,45363,0.8167432363450744,0.147534294099323,289.01968214057376
Metamycoplasma_anseris,92400,1.786625829504851,0.9909631177770659,1941.296747725272
Metamycoplasma_arthritidis,2111,0.9188361408882129,0.1454853707249807,285.00584125023715
Metamycoplasma_auris,51363,0.8677896886166381,0.08104389830395974,158.76499677745713
Metamycoplasma_canadense,29554,1.1740684022460424,0.2647202296507073,518.5869298857356
Metamycoplasma_cloacale,92401,1.6845329249617125,0.3409685053336007,667.9573019485238
Metamycoplasma_hominis,2098,29.913221031138338,102.54665056186758,200888.88845069858
Metamycoplasma_hyosynoviae,29559,2.7565084226646275,0.6075423396188907,1190.175443313407
Metamycoplasma_orale,2121,2.3991832567636595,0.3962187918115759,776.1926131588772
Metamycoplasma_phocicerebrale,142649,1.3782542113323082,0.056722233435568675,111.11885530027904
Metamycoplasma_salivarium,2124,1.2761613067891808,1.4311784777423973,2803.678637897356
Methanobrevibacter_arboriphilus,39441,6.738131699846861,2.1866253034019465,4283.598969364413
Methanobrevibacter_curvatus,49547,1.429300663603883,0.06873344285581584,134.64881455454324
Methanobrevibacter_cuticularis,47311,1.429300663603883,0.09576820095704265,187.60990567484654
Methanobrevibacter_filiformis,55758,2.450229709035223,1.1203937938765836,2194.851442204227
Methanobrevibacter_gottschalkii,190974,1.429300663603883,0.11123106966827655,217.90166548015375
Methanobrevibacter_millerae,230361,1.6845329249617125,0.1262612775223506,247.34584266628485
Methanobrevibacter_olleyae,294671,1.071975497702915,0.1729708378236042,338.84987129644065
Methanobrevibacter_oralis,66851,1.7355793772332873,0.2880138879108625,564.2192064173797
Methanobrevibacter_ruminantium,83816,38.59111791730475,3.6917058491463255,7232.051758477652
Methanobrevibacter_smithii,2173,3.011740684022457,1.0230063817640074,2004.0695018756905
Methanobrevibacter_sp. 87.7,387957,3.215926493108734,0.33073437582685017,647.9086422447995
Methanobrevibacter_sp. AbM4,224719,19.346605410923946,2.330319446032588,4565.09579477784
Methanobrevibacter_sp. NOE,2006182,2.3481368044920847,0.3978656608619132,779.418829628488
Methanobrevibacter_sp. TLL-48-HuF1,2870563,3.726391015824404,0.4786906976427006,937.7550766820505
Methanobrevibacter_sp. YE315,1609968,1.3782542113323082,0.37598872966312447,736.5619214100608
Methanobrevibacter_thaueri,190975,0.6636038795303723,0.08784026953316294,172.0790880154662
Methanobrevibacter_woesei,190976,1.1230219499744787,0.47561346557733997,931.726779066009
Microbacterium_agarici,630514,2.858601327207755,0.30689590297004243,601.2090739183132
Microbacterium_amylolyticum,936337,3.2669729453802976,0.5232006654694312,1024.9501036546158
Microbacterium_arborescens,33883,0.6125574272588086,0.10371944980709744,203.18640217210387
Microbacterium_atlanticum,2782168,3.522205206738127,0.8108271442707196,1588.4103756263396
Microbacterium_aurum,36805,5.921388463501787,2.12114602881992,4155.325070458223
Microbacterium_azadirachtae,582680,1.8887187340479783,0.8345155178349843,1634.8158994387343
Microbacterium_binotii,462710,1.0209290454313402,0.11746664899576399,230.11716538270167
Microbacterium_bovistercoris,2293570,1.786625829504851,0.7890201343557294,1545.690443202874
Microbacterium_caowuchunii,2614638,4.3389484430832015,0.39754740533678723,778.7953670547662
Microbacterium_chengjingii,2769067,1.3272077590607445,0.18235883981926346,357.2409672059371
Microbacterium_chocolatum,84292,3.6753445635528292,4.052026161055397,7937.919249507523
Microbacterium_cremeum,2782169,1.786625829504851,0.2713843930887882,531.6420260609361
Microbacterium_enclense,993073,3.011740684022457,0.5042382028213982,987.802639327119
Microbacterium_endophyticum,1526412,2.501276161306787,0.28805883319460274,564.3072542282267
Microbacterium_esteraromaticum,57043,1.5824400204185851,0.780865152829695,1529.7148343933725
Microbacterium_fandaimingii,2708079,2.5523226135783617,0.8323844596944586,1630.6411565414444
Microbacterium_foliorum,104336,3.4711587544665634,5.311141123276119,10404.525460497918
Microbacterium_ginsengisoli,400772,32.006125574272595,12.684672606507581,24849.27363614835
Microbacterium_hominis,162426,9.341500765696786,4.547304967314961,8908.170430970009
Microbacterium_humi,640635,2.297090352220521,0.2615275437068235,512.3324581216673
Microbacterium_hydrocarbonoxydans,273678,3.4201123021949997,0.7988611535806633,1564.9689998645194
Microbacterium_ketosireducens,92835,1.5313935681470103,0.23238127809751877,455.2349237930393
Microbacterium_laevaniformans,36807,2.143950995405819,0.5942302229691127,1164.0970067964918
Microbacterium_lemovicicum,1072463,1.4803471158754467,0.49624667983324605,972.147245793329
Microbacterium_liquefaciens,33918,1.2761613067891808,60.469666076864215,118460.07584457699
Microbacterium_lushaniae,2614639,1.5313935681470103,0.3379816301882369,662.1060135387561
Microbacterium_luteum,2782167,2.297090352220521,1.584260940728193,3103.5671828865297
Microbacterium_mangrovi,1348253,2.1949974476773826,0.6921828480548019,1355.986199339357
Microbacterium_maritypicum,300020,0.8167432363450744,1.360501034625113,2665.2215268305963
Microbacterium_oleivorans,273677,3.3180193976518613,0.6867423447743022,1345.328253412858
Microbacterium_oryzae,743009,2.1949974476773826,0.6617035467779315,1296.277248137968
Microbacterium_oxydans,82380,4.0837161817253715,193.57585825316804,379215.1063179562
Microbacterium_paludicola,300019,0.20418580908626582,0.040777851025420385,79.88381015879854
Microbacterium_paraoxydans,199592,6.3808065339458935,11.115416648290736,21775.101214001552
Microbacterium_protaetiae,2509458,2.5523226135783617,0.8203829563928257,1607.1302115735455
Microbacterium_pygmaeum,370764,1.786625829504851,0.49447493528935876,968.6763982318538
Microbacterium_resistens,156977,2.3481368044920847,0.7647084511154321,1498.0638557351315
Microbacterium_schleiferi,69362,3.164880040837159,1.4135197464078222,2769.0851832129238
Microbacterium_sediminis,904291,3.0627871362940318,0.9104037774047276,1783.4809999358613
Microbacterium_sorbitolivorans,1867410,1.9908116385911168,0.4686935371912734,918.1706393577045
Microbacterium_sp. 1.5R,1916917,0.5104645227156701,1.9731402437007586,3865.381737409786
Microbacterium_sp. 10M-3C3,2483401,5.97243491577335,2.1406162471752745,4193.467228216363
Microbacterium_sp. 13-71-7,1970399,2.5523226135783617,0.5725622095090575,1121.6493684282436
Microbacterium_sp. 1S1,2606451,1.8887187340479783,1.3592850370254974,2662.8393875329493
Microbacterium_sp. 4R-513,2567934,2.3991832567636595,1.0900888195367577,2135.4839974725082
Microbacterium_sp. 67-17,1895782,4.134762633996935,0.9135824708206399,1789.7080603376337
Microbacterium_sp. A18JL241,2782166,1.8887187340479783,0.8555310842644911,1675.985394074138
Microbacterium_sp. ABRD_28,2268461,1.6845329249617125,0.2911828429434977,570.427189326312
Microbacterium_sp. AR7-10,1891970,21.18427769270036,4.100295297557116,8032.478487914391
Microbacterium_sp. BH-3-3-3,1906742,4.185809086268499,0.5345456761044323,1047.1749794885827
Microbacterium_sp. C448,1177594,3.879530372639106,12.510019983024998,24507.12914674597
Microbacterium_sp. CBA3102,2603598,0.8677896886166381,3.9688421304513946,7774.961733554282
Microbacterium_sp. CGR1,1696072,0.45941807044410643,0.35613906352089686,697.6764254374369
Microbacterium_sp. CSI-V,1933777,17.40684022460439,2.339027133007509,4582.154153561711
Microbacterium_sp. EF45044,2810535,1.4803471158754467,2.5286333937934664,4953.592818441401
Microbacterium_sp. GCS4,1692239,2.297090352220521,1.9498257756060344,3819.7086944122216
Microbacterium_sp. Gd 4-13,2173179,5.46197039305768,1.2167296471882076,2383.5733788416987
Microbacterium_sp. H1-D42,2925844,1.5824400204185851,0.5510172272307196,1079.4427481449795
Microbacterium_sp. H83,1827324,2.3481368044920847,27.30124597364328,53483.14086236718
Microbacterium_sp. JZ31,1906274,2.2460438999489574,0.46172550465078127,904.5202636108805
Microbacterium_sp. KUDC0405,2909587,3.3180193976518613,0.6872803360341313,1346.3821782908633
Microbacterium_sp. KUDC0406,2909588,1.939765186319553,1.0084526535060543,1975.5587482183603
Microbacterium_sp. LKL04,912630,4.492087799897904,0.6576730808026006,1288.3815652922945
Microbacterium_sp. Leaf151,1736276,2.3991832567636595,0.2876270241494317,563.4613403087367
Microbacterium_sp. Leaf159,1736279,1.0209290454313402,0.6746205350293367,1321.5816281224706
Microbacterium_sp. Leaf288,1736323,1.9908116385911168,0.4130108870457123,809.0883277225504
Microbacterium_sp. Leaf320,1736334,1.225114854517606,0.43564765146652423,853.4337492229209
Microbacterium_sp. MYb45,1827294,1.5313935681470103,2.2220032173715167,4352.9043028308015
Microbacterium_sp. MYb62,1848690,1.5313935681470103,4.164685092366114,8158.618095945218
Microbacterium_sp. MYb66,1848692,1.6845329249617125,2.6595066630928996,5209.97355299899
Microbacterium_sp. MYb72,1848693,1.4803471158754467,0.994861077657467,1948.932851130978
Microbacterium_sp. NIBRBAC000506063,2734618,1.786625829504851,0.6570782166995306,1287.2162265143804
Microbacterium_sp. No. 7,1714373,8.065339458907605,2.398770975137126,4699.19234029363
Microbacterium_sp. Nx66,2766784,1.2761613067891808,0.8057844035772305,1578.5316466077945
Microbacterium_sp. PAMC 28756,1795053,0.35732516590096797,5.4598924009459715,10695.929213453159
Microbacterium_sp. PAMC21962,2861280,0.7146503318019359,2.1161322873963337,4145.503151009418
Microbacterium_sp. PAMC22086,2861281,1.1740684022460424,1433.0453841960036,2807335.907639971
Microbacterium_sp. PM5,2014534,1.6334864726901488,0.5742837650103424,1125.0218956552608
Microbacterium_sp. RG1,2489212,0.9188361408882129,0.22125462089563985,433.43780233455846
Microbacterium_sp. RU33B,1907390,1.9908116385911168,0.42333741110955186,829.3179883636121
Microbacterium_sp. Root166,1736478,1.6334864726901488,0.4832577924891732,946.7020154862903
Microbacterium_sp. Root180,1736483,1.8376722817764146,0.27375287534964565,536.2818828099558
Microbacterium_sp. Root53,1736553,2.0929045431342552,1.1877527124234069,2326.807563637454
Microbacterium_sp. Root553,1736556,2.807554874936191,1.0444508050348145,2046.0791270632014
Microbacterium_sp. Root61,1736570,2.3991832567636595,0.46716305931300456,915.1724331941759
Microbacterium_sp. SA39,1263625,1.5824400204185851,2.920578141269483,5721.4125787469175
Microbacterium_sp. SGAir0570,2070348,0.45941807044410643,0.047636723546212935,93.32034142703114
Microbacterium_sp. SMR1,1497340,1.071975497702915,0.18649983660496985,365.3531799091359
Microbacterium_sp. SSW1-36,2851648,1.6845329249617125,1.3264995785972953,2598.6126744721014
Microbacterium_sp. SSW1-51,2851650,4.236855538540074,1.069209298016999,2094.581014815301
Microbacterium_sp. SZ1,1849736,2.1949974476773826,0.9491822651754799,1859.4480574787651
Microbacterium_sp. Se5.02b,2864103,0.05104645227156368,0.221076942191336,433.0897297528272
Microbacterium_sp. Se63.02b,2709304,0.10209290454313846,0.8278644495225498,1621.786456614675
Microbacterium_sp. T32,1776083,39.56100051046453,229.36049236805542,449317.20454902056
Microbacterium_sp. TNHR37B,1775956,1.6845329249617125,0.5635972033435397,1104.0869213499943
Microbacterium_sp. TPD7012,2171975,2.143950995405819,1.3674286288310296,2678.7926838799867
Microbacterium_sp. TPU 3598,1938334,1.2761613067891808,3.7208368796314715,7289.1194471980525
Microbacterium_sp. XT11,367477,1.5313935681470103,0.6039397271023261,1183.117925393457
Microbacterium_sp. Y-01,2048898,2.0418580908626804,15.211856939125864,29800.027743747567
Microbacterium_sp. YJN-G,2763257,5.97243491577335,1.1431989781403116,2239.52679817687
Microbacterium_sp. Yaish 1,2025014,1.6334864726901488,0.22777503234422336,446.21128836233356
Microbacterium_sp. cf046,1761803,1.939765186319553,0.44938976254077256,880.3545448173735
Microbacterium_sp. cf332,1761804,1.7355793772332873,0.4680689255730099,916.9470251975264
Microbacterium_sp. cx-55,2875948,2.2460438999489574,0.5319854801926406,1042.159555697383
Microbacterium_sp. str. 'China',2103230,0.35732516590096797,0.0988843838175724,193.71450789862433
Microbacterium_testaceum,2033,8.779989790709541,1.0145882495887373,1987.5783809443365
Microbacterium_trichothecenolyticum,69370,2.501276161306787,0.8130393530572769,1592.7440926392055
Microbacterium_wangchenii,2541726,1.786625829504851,0.41901523985641137,820.8508548787099
Mitsuokella_jalaludinii,187979,4.95150587034201,5.475463222223507,10726.43245233585
Mitsuokella_multacida,52226,25.6253190403267,2.5735942601851516,5041.671155702712
Mitsuokella_sp. oral taxon 131,1321780,5.155691679428276,0.6982711593866844,1367.9132012385146
Mobiluncus_curtisii,2051,30.985196528841243,250.27743673692737,490293.4985676407
Mobiluncus_holmesii,144178,22.86881061766207,110.20984440415843,215901.08518774636
Mobiluncus_mulieris,2052,14.650331801939764,472.4755862695385,925579.6735020259
Mogibacterium_[Eubacterium] brachy,35517,7.708014293006638,8.871015737478002,17378.319829719407
Mogibacterium_diversum,114527,14.088820826952531,16.531540766794553,32385.288362150528
Mogibacterium_pumilum,86332,8.320571720265447,5.482013488749885,10739.264424461026
Mogibacterium_timidum,35519,10.311383358856563,31.698751254032512,62097.853706649694
Moraxella_atlantae,34059,4.69627360898418,1.1154095260382098,2185.087261508853
Moraxella_bovis,476,2.7565084226646275,0.5296402889376021,1037.5653260287625
Moraxella_bovoculi,386891,1.786625829504851,0.14292185018314738,279.9839045087857
Moraxella_canis,90239,2.3991832567636595,0.18139794320255853,355.35857073381214
Moraxella_caprae,90240,0.35732516590096797,0.06470088406186734,126.74903187719812
Moraxella_catarrhalis,480,1.9908116385911168,0.23036316112387947,451.2814326416799
Moraxella_caviae,34060,2.654415518121489,0.47440156575891324,929.352667321711
Moraxella_cuniculi,34061,2.3991832567636595,0.3483611325954083,682.4394587544049
Moraxella_equi,60442,0.3062787136294043,0.014193098458549951,27.804279880299354
Moraxella_lacunata,477,1.6334864726901488,0.22784677963302136,446.3518413010888
Moraxella_lincolnii,90241,2.858601327207755,0.26579975487413254,520.7017197984256
Moraxella_macacae,765840,2.0929045431342552,0.3478979701587022,681.5321235408976
Moraxella_nasovis,2904121,3.726391015824404,0.48654477215397574,953.1412086496384
Moraxella_nonliquefaciens,478,0.5615109749872338,0.03661816968198431,71.73499440700726
Moraxella_osloensis,34062,17.457886676875955,10.845210686896714,21245.767735630663
Moraxella_ovis,29433,0.5104645227156701,0.06607277617641939,129.43656852960558
Moraxella_pluranimalium,470453,0.7146503318019359,0.0699848986127213,137.10041638232101
Moraxella_porci,1288392,3.369065849923425,0.6780917582250544,1328.3817543628816
Moraxella_sp. FZFQ2102,2953752,0.5104645227156701,0.13683886514165117,268.06733681249466
Moraxella_sp. VT-16-12,2014877,4.747320061255744,0.624244217193794,1222.8944214826424
Morganella_morganii,582,12.659520163348647,4662.410809292184,9133662.77540339
Morganella_psychrotolerans,368603,2.297090352220521,0.24101200598254038,472.1425197197966
Negativicoccus_succinicivorans,620903,25.165900969882593,25.354340002384223,49669.15206467069
Neisseria_animalis,492,3.369065849923425,0.43365307062347824,849.5263653513939
Neisseria_animaloris,326522,3.522205206738127,0.4871988795214594,954.4226049825389
Neisseria_arctica,1470200,2.450229709035223,4.204412717695077,8236.444513964656
Neisseria_bacilliformis,267212,2.858601327207755,1.341366131849643,2627.736252293451
Neisseria_brasiliensis,2666100,2.297090352220521,0.27551821578250696,539.7401847179311
Neisseria_canis,493,3.215926493108734,0.32409576501823734,634.903603670727
Neisseria_chenwenguii,1853278,3.1138335885655954,0.3272139969937875,641.0122201108297
Neisseria_cinerea,483,2.3481368044920847,0.6654801866234383,1303.6756855953156
Neisseria_dentiae,194197,4.7983665135273075,1.1641556420596968,2280.580902794946
Neisseria_dumasiana,1931275,5.615109749872382,6.292891108754055,12327.773682049194
Neisseria_elongata,495,2.858601327207755,0.8655436874679187,1695.6000837496526
Neisseria_flavescens,484,1.3272077590607445,2.1590743823028924,4229.626714931366
Neisseria_gonorrhoeae,485,2.7054619703930527,0.8136672711113615,1593.9741841071573
Neisseria_iguanae,90242,2.2460438999489574,0.350582520150575,686.7911569749764
Neisseria_lactamica,486,1.8887187340479783,0.5432529756066082,1064.2325792133456
Neisseria_macacae,496,1.3782542113323082,0.3756365683515178,735.8720374006234
Neisseria_meningitidis,487,4.900459418070446,1.9869804714683748,3892.4947436065463
Neisseria_mucosa,488,2.654415518121489,2.4422624201148126,4784.392081004918
Neisseria_musculi,1815583,5.257784583971414,0.9793404184576233,1918.527879758484
Neisseria_perflava,33053,4.032669729453808,0.7413858787941341,1452.3749365577087
Neisseria_polysaccharea,489,1.8887187340479783,0.8275835580107979,1621.236190143153
Neisseria_shayeganii,607712,2.7565084226646275,0.5262942210151007,1031.0103789685822
Neisseria_sicca,490,6.023481368044925,4.1437097337739335,8117.527368463136
Neisseria_sp. 83E34,1692264,1.071975497702915,0.09835103029722832,192.66966835227026
Neisseria_sp. Dent CA1/247,2912675,0.7146503318019359,0.10052990723821825,196.93808827966956
Neisseria_sp. KEM232,655307,2.0929045431342552,0.3091569657936923,605.6384959898431
Neisseria_sp. ZJ785,2709396,1.1740684022460424,0.10004319868994047,195.98462623359336
Neisseria_sp. oral taxon 014,641148,4.849412965798871,0.6610419171902497,1294.9811157756992
Neisseria_subflava,28449,2.1949974476773826,6.5720612866489665,12874.668060545326
Neisseria_wadsworthii,607711,0.7146503318019359,0.059134026483795836,115.84355788175604
Neisseria_weaveri,28091,3.879530372639106,0.8014499832214983,1570.040517130915
Neisseria_weixii,1853276,3.879530372639106,0.4815913969242442,943.4375465745943
Neisseria_zalophi,640030,4.492087799897904,0.7424080999259486,1454.3774677549334
Neisseria_zoodegmatis,326523,0.8167432363450744,0.13230555635353147,259.18658489656815
Obesumbacterium_proteus,82983,3.4201123021949997,0.7507130976009314,1470.6469582002246
Odoribacter_laneus,626933,4.3389484430832015,1.19415982421479,2339.3590956367734
Odoribacter_splanchnicus,28118,7.044410413476266,4.379378607876156,8579.202692829389
Oligella_ureolytica,90244,2.7054619703930527,1.57618600241888,3087.748378738586
Oligella_urethralis,90245,6.789178152118424,43.64597467934327,85502.46439683346
Olsenella_profusa,138595,6.227667177131191,3.054495322278493,5983.756336343567
Olsenella_sp. oral taxon 807,712411,8.116385911179169,4.0117029449531465,7858.926069163214
Olsenella_timonensis,1805478,6.3808065339458935,2.4786117660356037,4855.600449663748
Olsenella_uli,133926,8.37161817253701,11.838775912201658,23192.16201200305
Oribacterium_asaccharolyticum,1501332,13.425216947422157,8.56104856924229,16771.094147145646
Oribacterium_parvum,1501329,10.464522715671265,3.569485095652435,6992.621302383121
Oribacterium_sinus,237576,9.086268504338946,3.1944996572079543,6258.024828470382
Oribacterium_sp. C9,1943579,5.666156202143946,1.925044672138214,3771.1625127187613
Oribacterium_sp. KHPX15,1855342,5.206738131699851,1.1116297391554528,2177.682659005532
Oribacterium_sp. WCC10,1855343,8.473711077080148,2.2726442806630476,4452.1101458189105
Oribacterium_sp. oral taxon 078,652706,15.3649821337417,17.50966050949345,34301.42493809767
Oscillibacter_sp. 1-3,1235797,5.615109749872382,2.0082941385404727,3934.248217400786
Oscillibacter_sp. 57_20,1897011,3.8284839203675314,1.746552560419641,3421.4964658620765
Oscillibacter_sp. CAG:241,1262911,5.410923940786116,2.556492989397651,5008.1697662299985
Oscillibacter_sp. NSJ-62,2763056,6.3808065339458935,2.604322996698995,5101.868750533332
Oscillibacter_sp. PC13,1855299,2.9606942317508933,0.7791716948268518,1526.3973501658027
Oscillibacter_valericigenes,351091,3.6753445635528292,2.1213171462320877,4155.660289468659
Parabacteroides_Bacteroidetes bacterium oral taxon 272,651591,8.524757529351712,15.913468353559752,31174.484504623553
Parabacteroides_acidifaciens,2290935,4.134762633996935,1.8174810492303937,3560.445375442341
Parabacteroides_chartae,1037355,4.3389484430832015,0.7016290775872499,1374.4913629934226
Parabacteroides_chinchillae,871327,2.501276161306787,0.4788760962997719,938.1182726512532
Parabacteroides_distasonis,823,12.659520163348647,322.0467268875604,630889.5379727308
Parabacteroides_faecis,1217282,9.443593670239913,4.296425396564442,8416.697351869741
Parabacteroides_goldsteinii,328812,6.482899438489021,1.7930188304947827,3512.5238889392795
Parabacteroides_gordonii,574930,4.900459418070446,1.4928576044306825,2924.508047079707
Parabacteroides_johnsonii,387661,4.0837161817253715,1.4406803042127874,2822.2927159528504
Parabacteroides_merdae,46503,9.749872383869318,10.363509110632558,20302.11434772918
Parabacteroides_sp. An277,1965619,4.236855538540074,3.237190928664414,6341.657029253587
Parabacteroides_sp. CAG:409,1262913,3.726391015824404,0.8135435643590965,1593.73184257947
Parabacteroides_sp. CT06,2025876,0.6125574272588086,0.8529311656055589,1670.89215342129
Paracoccus_alcaliphilus,34002,3.0627871362940318,0.9577028901133124,1876.1399617319792
Paracoccus_alkenifer,65735,2.807554874936191,0.6331886915297836,1240.4166467068462
Paracoccus_aminophilus,34003,3.2669729453802976,1.976916898343945,3872.780203855788
Paracoccus_aminovorans,34004,2.858601327207755,0.8631089072692559,1690.8303493404724
Paracoccus_chinensis,525640,6.6360387953037225,4.8247255777556255,9451.63740682327
Paracoccus_contaminans,1945662,3.522205206738127,0.7257219937236845,1421.689385704698
Paracoccus_denitrificans,266,2.7054619703930527,1.8867788169670587,3696.199702438468
Paracoccus_halophilus,376733,3.0627871362940318,0.9266629546790343,1815.3327282162281
Paracoccus_homiensis,364199,5.768249106687085,1.011359743119203,1981.2537367705188
Paracoccus_isoporae,591205,3.4201123021949997,0.7458817002787553,1461.1822508460816
Paracoccus_jeotgali,2065379,75.70188871873404,34.62391833467678,67828.25601763181
Paracoccus_kondratievae,135740,25.11485451761103,3.4298245968466423,6719.026385222573
Paracoccus_liaowanqingii,2560053,7.299642674834095,1.8162137269759013,3557.962691145791
Paracoccus_lutimaris,1490030,3.0627871362940318,0.862392081780833,1689.426088208652
Paracoccus_marcusii,59779,3.9816232771822335,0.7377359450297413,1445.2247163132631
Paracoccus_mutanolyticus,1499308,1.7355793772332873,0.7685600256658606,1505.6090902794208
Paracoccus_pantotrophus,82367,2.501276161306787,0.9850423794639033,1929.6980213697866
Paracoccus_salipaludis,2032623,4.236855538540074,0.9171917708110411,1796.7786790188295
Paracoccus_sanguinis,1545044,6.687085247575297,1.6449520315183646,3222.461029744476
Paracoccus_sediminis,1214787,4.69627360898418,0.9730795801814309,1906.2628975754233
Paracoccus_seriniphilus,184748,2.297090352220521,1.3303902353584487,2606.234471067201
Paracoccus_solventivorans,53463,3.369065849923425,0.7676603747351036,1503.846674106068
Paracoccus_sp.,267,1.939765186319553,0.6179836254897907,1210.6299223345
Paracoccus_sp. AK26,2589076,4.645227156712606,1.1588894963480598,2270.2645233458493
Paracoccus_sp. Arc7-R13,2500532,2.297090352220521,0.63651485586074,1246.9326026311896
Paracoccus_sp. H4-D09,2812658,3.8284839203675314,1.3978858581746667,2738.458396164172
Paracoccus_sp. J56,935850,0.8677896886166381,1.7199868873617112,3369.4543123415924
Paracoccus_sp. MA,2895796,4.0837161817253715,0.9121420726063704,1786.8863202358796
Paracoccus_sp. MC1862,2760307,6.227667177131191,1.2205515787592043,2391.060542789281
Paracoccus_sp. MKU1,1745182,4.134762633996935,1.904243167673437,3730.412365472263
Paracoccus_sp. S8-55,2903900,2.9096477794793296,0.5564600415971903,1090.1052214888957
Paracoccus_sp. SCN 68-21,1660154,2.3991832567636595,0.550053119794777,1077.554061677968
Paracoccus_sp. SM22M-07,1520813,2.9606942317508933,0.7076555843452694,1386.2972897323828
Paracoccus_sphaerophysae,690417,4.3389484430832015,1.3299368937921625,2605.3463749388466
Paracoccus_suum,2259340,3.3180193976518613,0.8652471508341403,1695.0191684840809
Paracoccus_tegillarcae,1529068,1.939765186319553,0.393823266310247,771.4997787017738
Paracoccus_thiocyanatus,34006,2.3481368044920847,0.48245487039326107,945.1290911003985
Paracoccus_tibetensis,336292,5.104645227156713,0.9551116402722494,1871.0637032933366
Paracoccus_versutus,34007,4.594180704441042,1.424224140740477,2790.0550917105943
Paracoccus_yeei,147645,7.350689127105669,7.003371958229656,13719.605666171896
Paracoccus_zhejiangensis,1077935,2.9606942317508933,1.218453468665043,2386.9503451148194
Parasutterella_excrementihominis,487175,2.143950995405819,3.5309379376006382,6917.10741975965
Parvimonas_micra,33033,13.935681470137828,99.70770782642988,195327.39963197615
Parvimonas_sp. KA00067,1588755,23.889739663093412,44.64550024517557,87460.53498029894
Parvimonas_sp. oral taxon 110,671230,9.086268504338946,11.029769049488596,21607.31756794816
Parvimonas_sp. oral taxon 393,713008,6.3808065339458935,7.332250650256969,14363.879023853402
Pasteurella_atlantica,2827233,3.3180193976518613,0.6829900251122412,1337.9774591948803
Pasteurella_bettyae,752,6.329760081674318,2.867979714866802,5618.372261424065
Pasteurella_canis,753,5.206738131699851,1.1509264992181405,2254.6650119683372
Pasteurella_dagmatis,754,0.20418580908626582,0.08580812177185028,168.0981105510547
Pasteurella_langaaensis,756,1.786625829504851,0.3304215781451522,647.2958715863532
Pasteurella_multocida,747,77.84583971413987,20.20319694937687,39578.06282382929
Pasteurella_skyensis,97481,2.7565084226646275,0.43118692519983537,844.6951864664775
Pasteurella_testudinis,761,5.819295558958649,1.0103502662741801,1979.2761716311188
Pediococcus_acidilactici,1254,19.55079122001021,7.277068240592125,14255.776683319973
Pediococcus_argentinicus,480391,3.3180193976518613,0.3492550470847889,684.1906372391014
Pediococcus_cellicola,319652,4.69627360898418,2.8979468546069644,5677.077888175043
Pediococcus_claussenii,187452,3.8284839203675314,1.2136432890383355,2377.527203226099
Pediococcus_damnosus,51663,12.353241449719244,2.7454184339540513,5378.274712115986
Pediococcus_ethanolidurans,319653,3.3180193976518613,0.53345598384524,1045.040272352825
Pediococcus_inopinatus,114090,3.573251659009702,0.5763438294377723,1129.057561868596
Pediococcus_parvulus,54062,5.053598774885149,1.0995956335172357,2154.107846060265
Pediococcus_pentosaceus,1255,12.965798876978052,7.885601519464207,15447.893376630382
Pediococcus_sp.,1907779,2.0418580908626804,0.25407644721653133,497.7357600971849
Pediococcus_stilesii,331679,2.2460438999489574,0.31303473160083795,613.2350392060415
Pelistega_indica,1414851,4.492087799897904,2.002331881844458,3922.5681565332934
Pelistega_ratti,2652177,12.71056661562021,0.9901798565553052,1939.7623389918429
Peptoanaerobacter_stomatis,796937,11.485451761102606,5.248076658566033,10280.982174130859
Peptococcus_niger,2741,17.50893312914752,54.64373699242359,107047.08076815782
Peptoniphilus_asaccharolyticus,1258,29.1985706993364,38.63776644297096,75691.38446178011
Peptoniphilus_coxii,755172,50.89331291475243,136.57862894323807,267557.53409980336
Peptoniphilus_duerdenii,507750,43.49157733537518,303.40155950664405,594363.6550735157
Peptoniphilus_harei,54005,43.389484430832056,66.10851677109746,129506.58435457993
Peptoniphilus_indolicus,33030,15.72230729964268,8.324418416357748,16307.535677644828
Peptoniphilus_ivorii,54006,15.007656967840733,9.672102126926692,18947.648066649388
Peptoniphilus_lacrimalis,33031,45.94180704441041,325.2667320651567,637197.528115642
Peptoniphilus_porci,1261639,27.66717713118938,52.6859533183884,103211.78255072287
Peptoniphilus_sp. BV3C26,1111134,36.4982133741705,103.24947776690472,202265.72694536633
Peptoniphilus_sp. DNF00840,1477000,38.84635017866258,131.7771813543584,258151.4982731881
Peptoniphilus_sp. HMSC062D09,1739305,47.57529351710056,99.18795535664466,194309.20454366689
Peptoniphilus_sp. SAHP1,2948573,61.97039305768249,512.6280115007623,1004238.2745299934
Peptoniphilus_sp. oral taxon 386,652713,12.761613067891787,5.118774064287046,10027.678391938323
Peptostreptococcus_anaerobius,1261,36.957631444614606,1590.7852545644714,3116348.3136917995
Peptostreptococcus_sp. D1,72304,9.800918836140893,4.683318751516134,9174.621434220106
Peptostreptococcus_sp. MV1,1219626,26.5441551812149,51.785922555238685,101448.62228571258
Peptostreptococcus_stomatis,341694,15.262889229198572,55.099784910039936,107940.47863876824
Phascolarctobacterium_faecium,33025,9.443593670239913,5.993771190554481,11741.797762296228
Phascolarctobacterium_sp.,2049039,4.900459418070446,2.0199225871468083,3957.0283482205978
Phascolarctobacterium_sp. CAG:266,1262915,5.666156202143946,2.2953175096436667,4496.527001391943
Phascolarctobacterium_sp. Marseille-Q4147,2823317,4.594180704441042,1.6167846965962793,3167.2812206321114
Phascolarctobacterium_succinatutens,626940,5.717202654415521,2.903502381285112,5687.961164937535
Phocaeicola_coprocola,310298,4.900459418070446,12.269384098514976,24035.723448990837
Phocaeicola_coprophilus,387090,5.002552322613574,2.3879933752040317,4678.079022024698
Phocaeicola_dorei,357276,11.077080142930063,182.27776404286547,357082.13975997345
Phocaeicola_massiliensis,204516,7.350689127105669,5.44512034006554,10666.990746188394
Phocaeicola_plebeius,310297,4.032669729453808,1.3072035462721143,2560.811747147072
Phocaeicola_salanitronis,376805,5.564063297600819,1.7518099804512088,3431.795751703918
Phocaeicola_sartorii,671267,5.410923940786116,8.552372200054805,16754.097139907364
Phocaeicola_vulgatus,821,13.731495661051552,829.6257774425369,1625236.8980099298
Phyllobacterium_bourgognense,314236,4.389994895354777,5.604141080570022,10978.512376836674
Phyllobacterium_brassicacearum,314235,4.594180704441042,6.07740077856491,11905.62812520866
Phyllobacterium_endophyticum,1149773,4.134762633996935,4.305589853991944,8434.650523970218
Phyllobacterium_leguminum,314237,3.879530372639106,3.557102250518427,6968.363308765598
Phyllobacterium_myrsinacearum,28101,9.13731495661052,1853.977019503986,3631940.9812083086
Phyllobacterium_phragmitis,2670329,4.645227156712606,4.704155153232429,9215.439945182328
Phyllobacterium_salinisoli,1899321,7.248596222562531,4.976046307014632,9748.074715441664
Phyllobacterium_sophorae,1520277,6.125574272588052,8.666067625740693,16976.826478826017
Phyllobacterium_sp. 628,2718938,6.533945890760595,38.09321112605953,74624.60059595061
Phyllobacterium_sp. OV277,1882772,3.215926493108734,42.50448512325522,83266.28635645699
Phyllobacterium_sp. T1018,555316,5.104645227156713,7.389323303053824,14475.68435068244
Phyllobacterium_sp. T1293,555317,4.492087799897904,44.20895213149199,86605.33722559281
Phyllobacterium_sp. YR531,1144343,3.0627871362940318,4.631953965096406,9073.997817623858
Phyllobacterium_zundukense,1867719,3.879530372639106,8.024811605036781,15720.605934267054
Porphyromonas_asaccharolytica,28123,19.04032669729454,107.99540317712473,211562.99482398733
Porphyromonas_cangingivalis,36874,2.5523226135783617,0.807900837240697,1582.6777401545253
Porphyromonas_canoris,36875,6.431852986217457,1.3943761880657732,2731.58295242085
Porphyromonas_catoniae,41976,2.143950995405819,0.1696992233293365,332.44077850217025
Porphyromonas_circumdentaria,29524,6.891271056661563,2.400769138966911,4703.106743236178
Porphyromonas_crevioricanis,393921,5.564063297600819,3.5165787192848987,6888.9777110791165
Porphyromonas_endodontalis,28124,4.389994895354777,285.90223877633935,560082.4857628488
Porphyromonas_gingivalis,837,14.446145992853499,38.59844933718211,75614.36225153976
Porphyromonas_gingivicanis,266762,3.6753445635528292,0.9067934463079025,1776.408361317181
Porphyromonas_gulae,111105,2.6033690658499253,0.597578129520426,1170.6555557305146
Porphyromonas_loveana,1884669,4.95150587034201,1.6493610291987517,3231.0982562003546
Porphyromonas_macacae,28115,8.167432363450743,5.860640582218991,11480.994900567004
Porphyromonas_somerae,322095,22.052067381317,52.176661255084746,102214.07939871102
Porphyromonas_sp. COT-239 OH1446,1515613,2.9606942317508933,0.3708766699485073,726.5473964291258
Porphyromonas_sp. HMSC065F10,1739394,28.126595201633485,203.45397086451362,398566.32892358216
Porphyromonas_sp. oral taxon 275,712435,5.410923940786116,3.0255679174206027,5927.087550226961
Porphyromonas_sp. oral taxon 278,712437,76.16130678917816,219.4363689674214,429875.8468071785
Porphyromonas_uenonis,281920,25.26799387442573,223.0545242962886,436963.8130964294
Prevotella_aff. ruminicola Tc2-24,81582,4.0837161817253715,0.8784395814377988,1720.8631400366478
Prevotella_amnii,419005,30.781010719754974,1259.8736084226846,2468092.398900039
Prevotella_baroniae,305719,8.88208269525268,12.513842621060416,24514.617694657354
Prevotella_bergensis,242750,38.43797856049005,230.52018434150767,451589.04112501355
Prevotella_bivia,28125,61.71516079632465,12139.961965539584,23782185.490492046
Prevotella_bryantii,77095,13.32312404287902,13.695284011866828,26829.061379247116
Prevotella_buccae,28126,10.566615620214392,9.379840259193085,18375.107067759254
Prevotella_buccalis,28127,50.076569678407346,1250.1408483447096,2449025.921907286
Prevotella_colorans,1703337,42.725880551301685,627.6560198418263,1229578.1428701377
Prevotella_copri,165179,15.72230729964268,25.47364551013769,49902.871554359735
Prevotella_corporis,28128,39.9183256763655,268.17744507526567,525359.6149024455
Prevotella_dentalis,52227,12.81265952016335,14.900215931515032,29189.523009837947
Prevotella_denticola,28129,25.216947422154156,301.3156967704955,590277.4499734007
Prevotella_disiens,28130,43.74680959673303,455.70691414856145,892729.8448170319
Prevotella_enoeca,76123,14.34405308831036,20.317645290677245,39802.26712443672
Prevotella_fusca,589436,14.241960183767233,14.68043705265505,28758.97618615124
Prevotella_herbatica,2801997,5.768249106687085,2.0907960593756103,4095.8694803168205
Prevotella_histicola,470565,16.181725370086774,19.998362239667436,39176.79162750851
Prevotella_intermedia,28131,77.6416539050536,181.85836841877247,356260.54373237526
Prevotella_jejuni,1177574,28.586013272077594,177.6221580476182,347961.80761528405
Prevotella_loescheii,840,8.933129147524244,5.620074386905269,11009.725723947422
Prevotella_maculosa,439703,12.81265952016335,24.473416248953086,47943.422431699095
Prevotella_marshii,189722,9.290454313425212,11.809678932737596,23135.16102923295
Prevotella_melaninogenica,28132,30.93415007656968,409.60754515931006,802421.1809670884
Prevotella_micans,189723,9.290454313425212,4.639682531567759,9089.13807934124
Prevotella_multiformis,282402,15.977539561000508,90.7184808978823,177717.50407895143
Prevotella_multisaccharivorax,310514,16.845329249617148,21.21189700450701,41554.10623182923
Prevotella_nigrescens,28133,80.55130168453293,112.81678956792328,221008.09076356172
Prevotella_oralis,28134,11.077080142930063,17.81916844287004,34907.75097958241
Prevotella_oris,28135,12.863705972434914,262.1497702357389,513551.3998918125
Prevotella_oulorum,28136,14.293006636038797,28.47011657605604,55772.958372493784
Prevotella_pallens,60133,26.339969372128635,33.802131579250535,66218.3757637518
Prevotella_pleuritidis,407975,11.944869831546711,14.176329883401742,27771.430241584014
Prevotella_ruminicola,839,4.645227156712606,1.2732655065980356,2494.3271274255517
Prevotella_saccharolytica,633701,9.086268504338946,6.040825339281471,11833.976839652401
Prevotella_salivae,228604,15.72230729964268,22.29291705594329,43671.8245125929
Prevotella_scopos,589437,17.15160796324655,29.72955575048604,58240.19971520215
Prevotella_shahii,228603,15.926493108728945,15.61230198865911,30584.499595783196
Prevotella_sp. 885,2022527,14.85451761102603,22.063636251087765,43222.66341588093
Prevotella_sp. AM42-24,2293125,11.79173047473201,9.367680177419157,18351.28546756413
Prevotella_sp. CAG:1031,1262917,7.095456865747829,0.8259693783564234,1618.0740122002335
Prevotella_sp. CAG:1058,1262918,4.594180704441042,1.719724180079753,3368.939668776236
Prevotella_sp. CAG:1092,1262919,13.169984686064318,2.940263647006805,5759.976484486331
Prevotella_sp. CAG:1124,1262920,4.3389484430832015,1.4838054160990857,2906.774810138109
Prevotella_sp. CAG:1185,1262921,4.236855538540074,1.5199372686368917,2977.557109259671
Prevotella_sp. CAG:1320,1262922,4.236855538540074,2.0645491706020653,4044.4518252094463
Prevotella_sp. CAG:279,1262924,5.206738131699851,0.9377863108320706,1837.1233829200264
Prevotella_sp. CAG:485,1262927,5.104645227156713,0.8870142257592205,1737.660868262313
Prevotella_sp. CAG:520,1262929,7.248596222562531,4.126807929758958,8084.4167343978
Prevotella_sp. CAG:5226,1262930,7.299642674834095,3.0155238312028128,5907.41118532631
Prevotella_sp. CAG:617,1262933,3.1138335885655954,1.7799586683952335,3486.9390313862623
Prevotella_sp. CAG:755,1262935,3.726391015824404,1.009952856903368,1978.4976466736978
Prevotella_sp. CAG:873,1262936,3.215926493108734,0.4619239512312285,904.9090204619766
Prevotella_sp. CAG:891,1262937,5.46197039305768,2.0739481313684416,4062.864389350777
Prevotella_sp. CAG:924,1262938,4.7983665135273075,1.584286902973302,3103.618042924699
Prevotella_sp. E13-17,2913616,3.4201123021949997,1.0843461287230276,2124.234066168411
Prevotella_sp. E13-3,2913617,1.3782542113323082,1.2255017219299333,2400.7578732607394
Prevotella_sp. E15-22,2937774,6.789178152118424,1.3380569573164913,2621.2535793830066
Prevotella_sp. E2-25,2913619,0.9188361408882129,0.6058102960879216,1186.7823700362385
Prevotella_sp. E2-28,2913620,3.9816232771822335,0.7698500488475687,1508.136245692387
Prevotella_sp. E9-3,2913621,5.410923940786116,1.4861594662641562,2911.386394411482
Prevotella_sp. F0091,1227276,0.9188361408882129,8.354216596639283,16365.910312816357
Prevotella_sp. KH2C16,1855325,12.608473711077083,12.734632951911502,24947.14595279463
Prevotella_sp. MGM1,2033405,4.900459418070446,3.6947644438212057,7238.043545445742
Prevotella_sp. MGM2,2033406,6.3808065339458935,1.322537457923943,2590.8508800730046
Prevotella_sp. P2-180,2024224,5.104645227156713,1.343171650110329,2631.2732625661347
Prevotella_sp. P3-122,2024223,8.62685043389484,4.480031274213828,8776.38126618489
Prevotella_sp. P5-92,2024222,6.074527820316488,2.2996464272302704,4505.0073509441
Prevotella_sp. Rep29,2691580,5.666156202143946,2.927233412459096,5734.450255007369
Prevotella_sp. S7-1-8,1284775,33.333333333333336,305.69134150030334,598849.3379990943
Prevotella_sp. ne3005,1761887,5.615109749872382,1.0840544552563962,2123.66267784728
Prevotella_sp. oral taxon 299,652716,15.875446656457381,17.050547708361055,33402.02296067931
Prevotella_sp. oral taxon 306,712461,6.125574272588052,93.57025210288133,183304.1238695445
Prevotella_sp. oral taxon 376,712466,8.677896886166414,7.711407068596412,15106.64644738037
Prevotella_sp. oral taxon 475,712471,8.984175599795819,4.724565971009951,9255.424737208494
Prevotella_sp. oral taxon 820,2081962,14.905564063297605,23.3223613896283,45688.50596228184
Prevotella_sp. tc2-28,1761888,4.236855538540074,1.6445533883290469,3221.6800877366027
Prevotella_sp. tf2-5,1761889,4.747320061255744,1.3221889696613303,2590.168191566546
Prevotella_stercorea,363265,5.666156202143946,2.5909119931169666,5075.596594516138
Prevotella_timonensis,386414,60.081674323634516,3509.8800376721465,6875854.993799735
Prevotella_veroralis,28137,18.52986217457887,274.51118131803327,537767.4042020271
Propionimicrobium_lymphophilum,33012,37.4170495150587,277.14144459951217,542920.0899704443
Proteus_columbae,1987580,2.501276161306787,9.803972955149328,19205.983019137533
Proteus_hauseri,183417,2.1949974476773826,8.77032319012135,17181.063129447724
Proteus_mirabilis,584,79.12200102092905,4721.585245166136,9249585.49528046
Proteus_myxofaciens,184072,2.5523226135783617,5.852448254381574,11464.946130333505
Proteus_penneri,102862,4.032669729453808,16.575978813548456,32472.342495741425
Proteus_sp. NMG38-2,2883107,0.3062787136294043,10.311813446872572,20200.84254242337
Proteus_sp. ZN5,2697019,0.9188361408882129,2.752946676585467,5393.02253943093
Proteus_terrae,1574161,2.3991832567636595,124.72538602107967,244337.03121529508
Proteus_vulgaris,585,7.810107197549765,14662.427759468332,28723695.98079846
Providencia_alcalifaciens,126385,5.564063297600819,11.686968480806764,22894.77125390045
Providencia_burhodogranariea,516074,2.9096477794793296,0.8797046512482012,1723.3414117952261
Providencia_heimbachae,333962,3.4711587544665634,0.8976623900116074,1758.5206220327389
Providencia_huaxiensis,2027290,0.7146503318019359,2.17691099038021,4264.568630154832
Providencia_rettgeri,587,25.6253190403267,28.38064773491244,55597.68891269347
Providencia_rustigianii,158850,2.6033690658499253,3.2979949413817162,6460.772090166782
Providencia_sneebia,516075,3.3180193976518613,1.0870610058191594,2129.5525103997334
Providencia_sp. 1701091,2603245,0.05104645227156368,6.755768864291023,13234.551205146116
Providencia_sp. 2.29,2791982,0.05104645227156368,0.5155664377553738,1009.9946515627772
Providencia_sp. R33,2828763,1.071975497702915,0.4607965953790214,902.7005303475029
Providencia_stuartii,588,3.6242981112812656,9.898258895665125,19390.68917660798
Providencia_vermicola,333965,0.35732516590096797,0.7165710768423155,1403.762739534096
Pseudoglutamicibacter_albus,98671,7.810107197549765,12.457846225171417,24404.92075511081
Pseudoglutamicibacter_cumminsii,156979,8.37161817253701,10.282542789290945,20143.50132422096
Pseudomonas_Candidatus Pseudomonas adelgestsugas,1302376,0.35732516590096797,0.010964459359706094,21.47937588566424
Pseudomonas_abietaniphila,89065,5.002552322613574,0.6255634448197611,1225.478788401912
Pseudomonas_abyssi,170540,1.5824400204185851,0.24334517083762722,476.71318967091173
Pseudomonas_aeruginosa,287,66.87085247575293,386.8293696997551,757798.7352418202
Pseudomonas_agarici,46677,5.768249106687085,0.45148265632467677,884.4545237400417
Pseudomonas_alcaligenes,43263,4.849412965798871,1.0498593989148195,2056.6745624741316
Pseudomonas_alcaliphila,101564,3.7774374680959677,0.8586960862675814,1682.185632998192
Pseudomonas_alkylphenolica,237609,3.9816232771822335,0.7839279743337179,1535.7149017197532
Pseudomonas_allokribbensis,2774460,0.7146503318019359,0.18635483378264306,365.0691193801978
Pseudomonas_alvandae,2842348,0.05104645227156368,0.00556893446238195,10.90954261180624
Pseudomonas_amygdali,47877,1.1230219499744787,0.24370559760693758,477.4192657119907
Pseudomonas_antarctica,219572,1.4803471158754467,0.13196783552499994,258.5249897934749
Pseudomonas_anuradhapurensis,485870,1.2761613067891808,0.16987637358825888,332.78781585939913
Pseudomonas_argentinensis,289370,2.9606942317508933,0.35900255175079315,703.2859988798037
Pseudomonas_arsenicoxydans,702115,1.6334864726901488,0.2259223666892105,442.5819163441634
Pseudomonas_asgharzadehiana,2842349,0.5104645227156701,0.0352450885309726,69.04512843217532
Pseudomonas_asiatica,2219225,0.20418580908626582,0.014092929053076773,27.6080480149774
Pseudomonas_asplenii,53407,0.45941807044410643,0.04003095776701315,78.42064626557877
Pseudomonas_asturiensis,1190415,1.3272077590607445,0.16344568867913173,320.19010412241903
Pseudomonas_atacamensis,2565368,1.939765186319553,1.2169570908054002,2384.018940887779
Pseudomonas_avellanae,46257,0.35732516590096797,0.01960637963659254,38.40889770808479
Pseudomonas_azerbaijanoriens,2842350,0.5615109749872338,0.04932396014645174,96.62563792689896
Pseudomonas_azotoformans,47878,3.7774374680959677,0.818003056526712,1602.4679877358287
Pseudomonas_baetica,674054,1.225114854517606,0.1781262421037285,348.9493082812041
Pseudomonas_batumici,226910,1.1740684022460424,0.1769434708889104,346.6322594713755
Pseudomonas_benzenivorans,556533,2.143950995405819,0.3376865164008,661.5278856291671
Pseudomonas_bijieensis,2681983,0.05104645227156368,0.043710367199290064,85.62860934340924
Pseudomonas_borbori,289003,1.5824400204185851,0.19505146329146594,382.1058165879818
Pseudomonas_brassicacearum,930166,2.807554874936191,1.1396302757668184,2232.5357102271973
Pseudomonas_brenneri,129817,1.2761613067891808,0.17460147447884247,342.0442885040524
Pseudomonas_campi,2731681,1.6334864726901488,0.10986690046517378,215.22925801127542
Pseudomonas_canavaninivorans,2859001,1.8887187340479783,0.1889076026363998,370.0699935647072
Pseudomonas_capeferrum,1495066,0.5615109749872338,0.20180168116995598,395.32949341194376
Pseudomonas_cavernae,2320867,49.668198060234815,5.036350245816709,9866.210131554933
Pseudomonas_cedrina,651740,1.071975497702915,0.29684957045337385,581.5283085181594
Pseudomonas_cerasi,1583341,0.3062787136294043,0.029174556359455647,57.15295590817361
Pseudomonas_chengduensis,489632,2.501276161306787,0.4908990128480146,961.6711661692607
Pseudomonas_chlororaphis,587753,15.518121490556403,3.7374381576028237,7321.641350743932
Pseudomonas_cichorii,36746,3.9816232771822335,0.581175706030091,1138.5232081129484
Pseudomonas_citronellolis,53408,1.786625829504851,0.4612884090823551,903.6639933923336
Pseudomonas_coleopterorum,1605838,1.429300663603883,0.2378583855898853,465.96457737058535
Pseudomonas_composti,658457,0.7656967840735107,0.044876920615430436,87.91388748562822
Pseudomonas_congelans,200452,0.7146503318019359,0.09286091895915112,181.91454024097703
Pseudomonas_coronafaciens,53409,0.8167432363450744,0.33875097145700733,663.6131530842773
Pseudomonas_corrugata,47879,2.5523226135783617,0.4205216442168394,823.8019010207884
Pseudomonas_cremoricolorata,157783,2.7054619703930527,0.20485597766514355,401.3128602460162
Pseudomonas_cuatrocienegasensis,543360,2.0418580908626804,0.3811682960861947,746.7086920328554
Pseudomonas_deceptionensis,882211,0.6636038795303723,0.03555161654420944,69.6456168101063
Pseudomonas_delhiensis,366289,1.8376722817764146,0.1644543092897311,322.16599189858323
Pseudomonas_donghuensis,1163398,0.5104645227156701,0.07596332948218269,148.81216245559588
Pseudomonas_endophytica,1563157,0.8167432363450744,0.051458163081389875,100.80654147644276
Pseudomonas_entomophila,312306,2.807554874936191,0.3950491576287097,773.9012997946422
Pseudomonas_eucalypticola,2599595,1.939765186319553,0.16913392897859578,331.33336686906915
Pseudomonas_extremaustralis,359110,1.4803471158754467,0.36283925770023023,710.802105834751
Pseudomonas_extremorientalis,169669,0.45941807044410643,0.037340876859352695,73.15077776747194
Pseudomonas_fakonensis,2842355,0.9698825931597765,0.05798311878197299,113.58892969388509
Pseudomonas_fildesensis,1674920,0.5615109749872338,0.033678156960222784,65.97550948507643
Pseudomonas_flexibilis,706570,3.3180193976518613,0.3374095277368378,660.9852648364653
Pseudomonas_floridensis,1958950,1.225114854517606,0.11030604566554261,216.08954345879798
Pseudomonas_fluorescens,294,24.706482899438488,8.53681892375743,16723.628271640806
Pseudomonas_fluvialis,1793966,2.450229709035223,0.23506451581569196,460.4913864829405
Pseudomonas_fragi,296,0.9188361408882129,0.18882911482189454,369.9162359360914
Pseudomonas_frederiksbergensis,104087,64.82899438489025,8.564721917943242,16778.29023725081
Pseudomonas_fulva,47880,2.297090352220521,0.8001826702574242,1567.557851034294
Pseudomonas_furukawaii,1149133,1.6334864726901488,0.2074871740027292,406.4673738713465
Pseudomonas_fuscovaginae,50340,0.7656967840735107,0.04383436157908325,85.87151433342409
Pseudomonas_germanica,2815720,0.6636038795303723,0.13598650514355817,266.3975635762305
Pseudomonas_gingeri,117681,0.7656967840735107,0.22247289404370812,435.8243994316242
Pseudomonas_glycinae,1785145,0.45941807044410643,0.04052647819631257,79.39137078657632
Pseudomonas_gozinkensis,2774461,0.5104645227156701,0.023582806795297596,46.19871851198799
Pseudomonas_graminis,158627,0.9188361408882129,0.06921928208918911,135.60057361272146
Pseudomonas_granadensis,1421430,3.2669729453802976,0.5483845743164597,1074.2853810859447
Pseudomonas_grimontii,129847,1.0209290454313402,0.05609276778009875,109.88573208121345
Pseudomonas_guangdongensis,1245526,2.7054619703930527,0.3215702458761447,629.9561116713675
Pseudomonas_guariconensis,1288410,0.15313935681470214,0.042185025756833805,82.64046545763742
Pseudomonas_guguanensis,1198456,1.1740684022460424,0.08485082104821387,166.22275843345096
Pseudomonas_guineae,425504,1.3782542113323082,0.09245260946517592,181.1146619422796
Pseudomonas_hamedanensis,2745504,1.0209290454313402,0.29983374361320014,587.3743037382591
Pseudomonas_helleri,1608996,3.2669729453802976,0.23734488586349758,464.9586314065918
Pseudomonas_hunanensis,1247546,0.6636038795303723,0.06186900108158915,121.20137311883315
Pseudomonas_hydrolytica,2493633,0.9698825931597765,0.20372675923869302,399.1007213485996
Pseudomonas_indica,137658,1.0209290454313402,0.13082121727918578,256.27876464992494
Pseudomonas_indoloxydans,404407,5.206738131699851,2.2813637054030442,4469.191498884564
Pseudomonas_iranensis,2745503,0.45941807044410643,0.03505833406557506,68.67927643446154
Pseudomonas_izuensis,2684212,1.1230219499744787,0.2569725426580284,503.4092110670776
Pseudomonas_japonica,256466,10.260336906584989,0.7637834900961419,1496.251857098342
Pseudomonas_jessenii,77298,0.8167432363450744,0.08975168338181289,175.82354774497145
Pseudomonas_juntendi,2666183,0.40837161817253165,0.07175380218097734,140.5656984725346
Pseudomonas_kermanshahensis,2745482,0.20418580908626582,0.29793157891073296,583.6479630861259
Pseudomonas_khazarica,2502979,1.8887187340479783,0.16520474534548196,323.63609613179915
Pseudomonas_kilonensis,132476,0.9698825931597765,0.22457516366626426,439.9427456222117
Pseudomonas_knackmussii,65741,3.164880040837159,0.829459497724976,1624.911156043228
Pseudomonas_koreensis,198620,0.8677896886166381,0.14841570713553376,290.74637027851065
Pseudomonas_kribbensis,1628086,0.5615109749872338,0.19871346627553563,389.2796804337743
Pseudomonas_kuykendallii,1007099,3.011740684022457,0.6251583616503926,1224.6852304731192
Pseudomonas_lactis,1615674,0.5615109749872338,0.04278399553748154,83.81384725792633
Pseudomonas_lalkuanensis,2604832,2.0418580908626804,0.4074223611115836,798.1404054175922
Pseudomonas_laurylsulfatiphila,2011015,0.7146503318019359,0.14324482808216088,280.61661821295314
Pseudomonas_laurylsulfativorans,1943631,1.2761613067891808,0.0675232967413573,132.27813831631897
Pseudomonas_libanensis,75588,2.1949974476773826,0.19260504893227898,377.31329085833454
Pseudomonas_lini,163011,0.9698825931597765,0.36524524157606647,715.5154282475143
Pseudomonas_linyingensis,915471,66.25829504849413,9.885265039669372,19365.2342127123
Pseudomonas_lundensis,86185,2.1949974476773826,0.25360180420804906,496.8059344435681
Pseudomonas_lurida,244566,0.9698825931597765,0.06534394338413949,128.00878508952925
Pseudomonas_luteola,47886,0.6125574272588086,0.05934294372894354,116.25282676500039
Pseudomonas_mandelii,75612,2.3481368044920847,0.4488455034045077,879.2883411694305
Pseudomonas_mangrovi,2161748,2.5523226135783617,0.33729829135882256,660.7673527719334
Pseudomonas_marginalis,298,2.7054619703930527,0.23861596402660884,467.44867352812673
Pseudomonas_marincola,437900,1.5824400204185851,0.31781013079345727,622.5900462243828
Pseudomonas_maumuensis,2842354,0.6636038795303723,0.059644973724562324,116.8445035264176
Pseudomonas_mediterranea,183795,1.071975497702915,0.092277184871686,180.77100516363288
Pseudomonas_mendocina,300,7.912200102092903,1.263605073534157,2475.402339053414
Pseudomonas_migulae,78543,1.071975497702915,0.16455361866793883,322.36053897049214
Pseudomonas_mohnii,395600,1.5824400204185851,0.5109779084646824,1001.0057226823128
Pseudomonas_monsensis,2745509,0.2552322613578406,0.016630491635557375,32.579133114056894
Pseudomonas_monteilii,76759,1.6845329249617125,0.2779849421686519,544.572501708389
Pseudomonas_moorei,395599,1.786625829504851,0.15385965531977286,301.411064771435
Pseudomonas_moraviensis,321662,1.071975497702915,0.15216390334728486,298.08908665733105
Pseudomonas_mosselii,78327,1.225114854517606,0.14248993242157632,279.137777613868
Pseudomonas_mucidolens,46679,1.5824400204185851,0.12167957640758603,238.37029018246105
Pseudomonas_multiresinivorans,95301,1.225114854517606,0.17810244288594407,348.9026856135644
Pseudomonas_muyukensis,2842357,0.7146503318019359,0.07284630603921745,142.705913530827
Pseudomonas_nanhaiensis,2830842,2.1949974476773826,0.32790759333225505,642.3709753378877
Pseudomonas_nitroreducens,46680,0.6125574272588086,0.04861690808654651,95.24052294154463
Pseudomonas_ogarae,1114970,0.2552322613578406,0.02123032618117445,41.59020898892075
Pseudomonas_oleovorans,301,11.944869831546711,4.504201489931645,8823.730718776093
Pseudomonas_orientalis,76758,3.726391015824404,0.31112465629058284,609.4932016732517
Pseudomonas_oryzae,1392877,5.97243491577335,0.5508116620596617,1079.0400459748773
Pseudomonas_oryzihabitans,47885,7.86115364982134,1.0134478229297013,1985.344285119285
Pseudomonas_oryziphila,2894079,0.40837161817253165,0.030802944745628003,60.34296875668526
Pseudomonas_otitidis,319939,5.359877488514552,0.752277329101905,1473.711287710632
Pseudomonas_palleroniana,191390,1.4803471158754467,0.14307175881462983,280.2775755178598
Pseudomonas_panipatensis,428992,1.429300663603883,0.35070742208192746,687.0358398584959
Pseudomonas_parafulva,157782,1.8887187340479783,0.24373165106552397,477.47030443736145
Pseudomonas_paralactis,1615673,0.8167432363450744,0.11467549149332104,224.64928783541592
Pseudomonas_peli,592361,0.8677896886166381,0.05652823243159809,110.73880733350066
Pseudomonas_pergaminensis,2853159,0.3062787136294043,0.031008630364712342,60.74590688447148
Pseudomonas_phenolilytica,2746321,10.515569167942829,0.9678420423258851,1896.002560916409
Pseudomonas_phragmitis,1931241,3.215926493108734,0.6415553931713947,1256.8070152227622
Pseudomonas_plecoglossicida,70775,1.3272077590607445,0.11435844712932454,224.02819792634676
Pseudomonas_poae,200451,1.429300663603883,0.3722066714549363,729.1528693802202
Pseudomonas_pohangensis,364197,1.4803471158754467,0.21992487721337825,430.832834461008
Pseudomonas_promysalinigenes,485898,3.4711587544665634,0.3278251680034646,642.2095041187872
Pseudomonas_prosekii,1148509,0.8677896886166381,0.08941120380801722,175.15654825990572
Pseudomonas_protegens,380021,6.125574272588052,4.687574888789329,9182.959207138296
Pseudomonas_psychrophila,122355,0.9698825931597765,0.061463236494741336,120.40648029319827
Pseudomonas_psychrotolerans,237610,6.278713629402755,0.9383034797316252,1838.1365167942538
Pseudomonas_punonensis,1220495,1.071975497702915,0.19658819189095592,385.11626791438266
Pseudomonas_putida,303,27.15671260847371,12.98782267681074,25443.144623872242
Pseudomonas_qingdaonensis,2056231,0.6636038795303723,0.07708422084026943,151.0079886260878
Pseudomonas_reinekei,395598,1.071975497702915,0.7437639165752246,1457.033512570865
Pseudomonas_resinovorans,53412,6.431852986217457,0.5791848448571156,1134.6231110750896
Pseudomonas_rhizophila,2045200,0.05104645227156368,0.0027779664452094012,5.442036266165217
Pseudomonas_rhizosphaerae,216142,1.6845329249617125,0.25184735650124035,493.36897138592985
Pseudomonas_rhodesiae,76760,1.225114854517606,0.3656554181222632,716.3189641015136
Pseudomonas_sagittaria,1135990,2.450229709035223,0.29310191698029175,574.1866553643915
Pseudomonas_salmasensis,2745514,0.5104645227156701,0.03585691680991056,70.24370003061479
Pseudomonas_salomonii,191391,27.309851965288413,2.2826250186983335,4471.662411630035
Pseudomonas_saponiphila,556534,0.9698825931597765,0.07453297059925555,146.01008940394163
Pseudomonas_saudiphocaensis,1499686,2.858601327207755,0.3148222211102653,616.7367311550097
Pseudomonas_savastanoi,29438,0.45941807044410643,0.18569602079610437,363.77850473956846
Pseudomonas_sediminis,1691904,5.666156202143946,0.8819519525166581,1727.7438749801333
Pseudomonas_segetis,298908,1.1230219499744787,0.2407398577689184,471.60938136931117
Pseudomonas_seleniipraecipitans,640205,1.5313935681470103,0.14562209868649167,285.2736913268372
Pseudomonas_sessilinigenes,658629,0.35732516590096797,0.023399398689011267,45.83942203177307
Pseudomonas_shahriarae,2745512,0.20418580908626582,0.05977337105030495,117.0960338875474
Pseudomonas_shirazica,1940636,0.05104645227156368,0.0059408044447082295,11.638035907183422
Pseudomonas_sichuanensis,2213015,0.8167432363450744,0.0924103277003295,181.0318319649455
Pseudomonas_sihuiensis,1274359,2.654415518121489,0.4086546042356572,800.5543696976524
Pseudomonas_silesiensis,1853130,0.9698825931597765,0.08376249585042296,164.09072937097858
Pseudomonas_siliginis,2842346,0.8677896886166381,0.22440788704164935,439.61505071459106
Pseudomonas_simiae,321846,1.071975497702915,0.20645375670164487,404.4429093785223
Pseudomonas_soli,1306993,0.5104645227156701,0.11807550533772768,231.3099149566085
Pseudomonas_sp. 02C 26,2054914,0.8167432363450744,0.258530666859798,506.46157637834426
Pseudomonas_sp. 09C 129,2054915,0.40837161817253165,0.01619348137015664,31.72303000413686
Pseudomonas_sp. 10-1B,1546029,3.0627871362940318,1.2067124008923076,2363.9495933480307
Pseudomonas_sp. 15A4,2804761,1.071975497702915,0.1887117136517154,369.68624704371047
Pseudomonas_sp. 21,1619948,1.225114854517606,0.13008247853125068,254.83157544272007
Pseudomonas_sp. 2822-17,1712678,59.46911689637571,11.787100921614028,23090.930705441882
Pseudomonas_sp. 2hn,2866626,0.8677896886166381,0.08356791563976246,163.70954673829465
Pseudomonas_sp. 3-2,2867408,0.5104645227156701,0.03311946308941826,64.88102819217038
Pseudomonas_sp. 31-12,2201356,1.0209290454313402,0.2150079672010962,421.2006077469474
Pseudomonas_sp. 57B-090624,2213080,0.9698825931597765,0.6326086951433468,1239.2804337858165
Pseudomonas_sp. 7-41,2898483,0.05104645227156368,0.007259222754234384,14.220817375545158
Pseudomonas_sp. 7SR1,1881017,1.7355793772332873,0.1064167015025214,208.47031824343944
Pseudomonas_sp. A2,107445,0.35732516590096797,0.04238511350333281,83.03243735302897
Pseudomonas_sp. A214,1855331,0.10209290454313846,0.0028785358924578773,5.639051813324982
Pseudomonas_sp. ABC1,2748080,1.9908116385911168,0.24067455239664554,471.4814481450286
Pseudomonas_sp. ACM7,2052956,1.2761613067891808,0.21615666565638972,423.4509080208675
Pseudomonas_sp. AD21,396378,1.2761613067891808,0.2644041424807555,517.9677151198
Pseudomonas_sp. ADAK13,2730847,1.071975497702915,0.19212569958892609,376.3742454947062
Pseudomonas_sp. ADAK18,2730848,0.8167432363450744,0.07374611736251527,144.4686439131674
Pseudomonas_sp. ADAK22,2730851,0.40837161817253165,0.054840306919905525,107.43216125609493
Pseudomonas_sp. ADPe,2774873,0.8167432363450744,0.09021935240574681,176.739711362858
Pseudomonas_sp. AFG_SD02_1510_Pfu_092,2259497,0.9188361408882129,0.06498216745978375,127.30006605371636
Pseudomonas_sp. AN-B15,2697023,1.0209290454313402,0.4894817994839585,958.8948451890747
Pseudomonas_sp. AO-1,2855434,0.7656967840735107,0.09590810701646127,187.88398164524762
Pseudomonas_sp. ATCC 13867,1294143,1.3272077590607445,0.24730784585727467,484.47607003440106
Pseudomonas_sp. ATCC 43928,676210,0.2552322613578406,0.02828466034261614,55.40964961118502
Pseudomonas_sp. ArH3a,2862945,0.8167432363450744,0.15647785565275188,306.54011922374093
Pseudomonas_sp. B10,118613,0.05104645227156368,0.0008454654941686658,1.6562669030764163
Pseudomonas_sp. B11D7D,2735906,0.5104645227156701,0.024724422030399627,48.43514275755287
Pseudomonas_sp. B14-6,2738843,0.05104645227156368,0.000485569249354568,0.9512301594855987
Pseudomonas_sp. B21-010,2895471,0.5615109749872338,0.0230125980833433,45.081679645269524
Pseudomonas_sp. B21-012,2895472,0.3062787136294043,0.03411771232222391,66.83659843923664
Pseudomonas_sp. B21-015,2895473,0.6636038795303723,0.21656263968054143,424.24621113418067
Pseudomonas_sp. B21-017,2895474,0.20418580908626582,0.014028679957212273,27.482184036178843
Pseudomonas_sp. B21-019,2895475,1.3272077590607445,0.30907225375729047,605.472545110532
Pseudomonas_sp. B21-021,2895476,0.8167432363450744,0.12737768665642404,249.53288815993469
Pseudomonas_sp. B21-028,2895480,0.6125574272588086,0.04509359831267778,88.33835909453576
Pseudomonas_sp. B21-032,2895483,0.2552322613578406,0.018407753004701967,36.06078813621115
Pseudomonas_sp. B21-036,2895485,0.8167432363450744,0.07135063653694874,139.7758969758826
Pseudomonas_sp. B21-040,2895486,0.9188361408882129,0.09758874201010778,191.17634559780115
Pseudomonas_sp. B21-041,2895487,1.429300663603883,0.295456352637427,578.7989948167194
Pseudomonas_sp. B21-044,2895488,0.10209290454313846,0.019522055026268463,38.24370579645992
Pseudomonas_sp. B21-047,2895489,0.3062787136294043,0.02342337833127342,45.88639815096463
Pseudomonas_sp. B21-048,2895490,0.8167432363450744,0.0466694785614878,91.4255085019546
Pseudomonas_sp. B21-051,2895491,0.6125574272588086,0.0532762812487534,104.36823496630791
Pseudomonas_sp. BBP2017,2109731,73.55793772332822,18.145783694514897,35547.590257554686
Pseudomonas_sp. BC42,2933816,0.9188361408882129,0.3799452900647459,744.3128232368373
Pseudomonas_sp. BIGb0427,2724470,0.15313935681470214,0.06592759917721913,129.15216678817228
Pseudomonas_sp. BIOMIG1BAC,1758730,0.5615109749872338,0.18910009617432288,370.4470884054985
Pseudomonas_sp. BJP69,2597770,0.15313935681470214,0.0131604319223691,25.781286135921068
Pseudomonas_sp. Bc-h,1943632,3.6242981112812656,0.8877024933348581,1739.009184442987
Pseudomonas_sp. C27(2019),2604941,2.0418580908626804,0.11722039930650947,229.63476224145205
Pseudomonas_sp. CBS,2971912,0.5615109749872338,0.05007004544009281,98.08721901714182
Pseudomonas_sp. CC6-YY-74,1930532,1.3272077590607445,0.31055264720613796,608.3726358768242
Pseudomonas_sp. CCOS 191,1649877,0.5104645227156701,0.0359357714005147,70.3981761736083
Pseudomonas_sp. CFA,2651048,0.05104645227156368,0.021630527406993023,42.37420319029933
Pseudomonas_sp. CFSAN084952,2664899,0.05104645227156368,0.005868339482410606,11.496077046042377
Pseudomonas_sp. CIP-10,2892442,1.8376722817764146,5.9970202190578386,11748.162609134306
Pseudomonas_sp. CMR5c,658630,0.7146503318019359,0.1573587468638991,308.26578510637836
Pseudomonas_sp. CYM-20-01,2870750,0.6125574272588086,0.16112147287132325,315.63696535492227
Pseudomonas_sp. Cab53,2678258,0.45941807044410643,0.32721909474836364,641.0222066120443
Pseudomonas_sp. Choline-02u-1,2058307,0.8677896886166381,0.19229153952333952,376.6991259262221
Pseudomonas_sp. Colony2,2861799,0.10209290454313846,0.03083699218627151,60.409667692905884
Pseudomonas_sp. DG56-2,2320270,2.3481368044920847,1.1159324653581317,2186.11169963658
Pseudomonas_sp. DNDY-54,2870860,1.786625829504851,0.2728922659646885,534.5959490248248
Pseudomonas_sp. DR 5-09,1534110,0.40837161817253165,0.02318947198889347,45.42817562624231
Pseudomonas_sp. DR48,2871095,3.011740684022457,0.22737179279558484,445.4213420865507
Pseudomonas_sp. DTU12.1,2654238,0.35732516590096797,0.1822031163027277,356.93590483704355
Pseudomonas_sp. DTU12.3,2073078,0.6636038795303723,0.08183763280387862,160.31992266279823
Pseudomonas_sp. DY-1,1755504,1.4803471158754467,0.42311255027671346,828.8774859920817
Pseudomonas_sp. EGD-AK9,1386078,2.0418580908626804,0.3329935824818798,652.3344280820025
Pseudomonas_sp. ERMR1:02,1805930,76.41653905053599,172.80981092256593,338534.41959730664
Pseudomonas_sp. ES3-33,1628833,0.9188361408882129,0.23336314522055082,457.15840148705905
Pseudomonas_sp. EpS/L25,1749078,1.6845329249617125,0.13108828588843238,256.801952055439
Pseudomonas_sp. Eqa60,2799184,0.05104645227156368,0.002892454246283951,5.66631786847026
Pseudomonas_sp. FDAARGOS_380,2018067,0.35732516590096797,0.014888330590064383,29.166239625936125
Pseudomonas_sp. FDAARGOS_761,2545800,0.05104645227156368,0.2108088106373656,412.9744600385992
Pseudomonas_sp. FGI182,1259844,0.5615109749872338,0.04135348688483504,81.01148080739185
Pseudomonas_sp. FIT81,2837969,0.5104645227156701,0.34107791760932654,668.1716405966707
Pseudomonas_sp. FW300-N1A1,2075555,1.429300663603883,0.154341514017339,302.3550259599671
Pseudomonas_sp. FW507-12TSA,2075552,0.6636038795303723,0.06477833337011907,126.90075507206326
Pseudomonas_sp. GM21,1144325,0.7656967840735107,0.10740619422065319,210.4087344782596
Pseudomonas_sp. GM74,1144336,27.51403777437468,2.4459693826375686,4791.654020586997
Pseudomonas_sp. GM78,1144337,0.7656967840735107,0.22435355885825525,439.50862180332206
Pseudomonas_sp. GM80,1144339,0.5615109749872338,0.05494757548208112,107.6423003693969
Pseudomonas_sp. GM84,1144340,1.1230219499744787,0.1801869983460073,352.98632975982827
Pseudomonas_sp. HAR-UPW-AIA-41,1985301,0.8167432363450744,0.25425353465790207,498.0826743948302
Pseudomonas_sp. HD6515,2856556,0.15313935681470214,0.04880334608174117,95.60575497413095
Pseudomonas_sp. HLS-6,2049589,1.4803471158754467,0.236053837534698,462.4294677304734
Pseudomonas_sp. HMWF006,2056843,0.05104645227156368,0.00635830950945168,12.45592832901584
Pseudomonas_sp. HMWF021,2056857,0.5104645227156701,0.022363232487544724,43.809572443100116
Pseudomonas_sp. HN11,1344094,0.7146503318019359,0.08307290006000743,162.73981121755457
Pseudomonas_sp. HN2,2884805,0.05104645227156368,0.0008877387688770991,1.7390802482302372
Pseudomonas_sp. HN2-3,2886360,0.20418580908626582,0.04352961592824206,85.27451760342619
Pseudomonas_sp. HN8-3,2886361,0.20418580908626582,0.023831523612870616,46.68595475761354
Pseudomonas_sp. HS-18,2879114,0.7146503318019359,0.14707953018563288,288.1287996336548
Pseudomonas_sp. HS6,2850559,0.5615109749872338,0.055234349476011024,108.20409062350559
Pseudomonas_sp. I3-I5,2926671,0.10209290454313846,0.03663137712084809,71.7608677797414
Pseudomonas_sp. IAC-BECa141,2793103,0.15313935681470214,0.016642635185548173,32.60292232848887
Pseudomonas_sp. IB20,1702250,0.05104645227156368,0.005490164270927346,10.755231806746671
Pseudomonas_sp. ICMP 561,1718918,3.522205206738127,0.4654027350397632,911.7239579428962
Pseudomonas_sp. In5(2022),2961896,1.225114854517606,0.23216656850883613,454.81430770880996
Pseudomonas_sp. IzPS59,2774459,0.6125574272588086,0.0265580346766458,52.027189931549124
Pseudomonas_sp. J380,2605424,1.0209290454313402,0.08876911159498195,173.89868961456963
Pseudomonas_sp. JY-Q,1338689,0.05104645227156368,0.05687775190644125,111.42351598471842
Pseudomonas_sp. K2I15,2013577,0.7656967840735107,0.23518448317678656,460.72640254332487
Pseudomonas_sp. KBS0707,2578110,0.05104645227156368,0.2342545335143891,458.9046311546883
Pseudomonas_sp. KHPS1,2961531,0.15313935681470214,0.01797950213856301,35.221844689444936
Pseudomonas_sp. KNUC1026,2893890,2.7054619703930527,0.3459477432343849,677.71162899616
Pseudomonas_sp. L5B5,2883205,1.6334864726901488,0.1565727707490712,306.72605789743045
Pseudomonas_sp. LB-090624,2213079,1.071975497702915,0.09707177740775201,190.1636119417862
Pseudomonas_sp. LBUM920,2126069,0.2552322613578406,0.014682968363365951,28.7639350238339
Pseudomonas_sp. LG1D9,2083054,0.35732516590096797,0.2916276726077834,571.2986106386477
Pseudomonas_sp. LH1G9,2083055,0.2552322613578406,0.04975264483411091,97.46543123002327
Pseudomonas_sp. LPB0260,2614442,1.429300663603883,0.39423802196226165,772.3122850240705
Pseudomonas_sp. LPH1,1898684,1.5313935681470103,0.1556729142510911,304.9632390178874
Pseudomonas_sp. LS.1a,2920387,0.45941807044410643,0.014570633233341965,28.54387050411691
Pseudomonas_sp. LS1212,2972478,3.2669729453802976,0.39357847447723576,771.0202315009049
Pseudomonas_sp. LS44,1357074,1.5824400204185851,0.2696018481433094,528.1500205127431
Pseudomonas_sp. LTJR-52,2479392,0.5615109749872338,0.03904398815721241,76.48717279997912
Pseudomonas_sp. Leaf127,1736267,1.8376722817764146,0.16216714243217312,317.6854320246271
Pseudomonas_sp. Leaf48,1736221,1.1740684022460424,0.18826624733872252,368.81357853655743
Pseudomonas_sp. Leaf58,1736226,2.0418580908626804,0.19680900863274842,385.54884791155416
Pseudomonas_sp. Lz4W,1206777,0.15313935681470214,0.0062704658680146855,12.283842635440768
Pseudomonas_sp. M1,95619,0.5615109749872338,0.050874550934811816,99.66324528129634
Pseudomonas_sp. M30-35,1981174,1.6845329249617125,0.1750050461643295,342.8348854359215
Pseudomonas_sp. M47T1,1179778,2.6033690658499253,0.23737375100565658,465.0151782200812
Pseudomonas_sp. MM211,2866808,1.2761613067891808,0.13824766692859153,270.8271795131108
Pseudomonas_sp. MM213,2866807,2.0929045431342552,0.5649622875772151,1106.7611213637645
Pseudomonas_sp. MPC6,2498848,0.6125574272588086,0.08781077127449198,172.0213009267298
Pseudomonas_sp. MPDS,2762896,0.5104645227156701,0.21047538540852317,412.3212800152969
Pseudomonas_sp. MPFS,2795724,0.20418580908626582,0.2849697173217921,558.2556762333908
Pseudomonas_sp. MPR-ANC1,2075548,0.7656967840735107,0.12552860347138953,245.9105342004521
Pseudomonas_sp. MRSN 12121,1611770,0.6125574272588086,0.03963612761113832,77.64717399021997
Pseudomonas_sp. MSPm1,2726956,1.939765186319553,0.20342693026017006,398.51335637967316
Pseudomonas_sp. MTM4,2705472,2.2460438999489574,0.34318196595790584,672.2934713115376
Pseudomonas_sp. MYb185,1848729,2.9096477794793296,0.20712353463359662,405.7550043472158
Pseudomonas_sp. MYb187,1827299,2.2460438999489574,0.28938583895306896,566.9068585090621
Pseudomonas_sp. MYb193,1827300,1.225114854517606,0.10116055920012453,198.17353547304396
Pseudomonas_sp. Marseille-Q3773,2866592,1.0209290454313402,0.06987829674438834,136.89158332225674
Pseudomonas_sp. N3-W,2975049,0.8167432363450744,0.41685774393502967,816.6243203687231
Pseudomonas_sp. NC02,2067572,0.45941807044410643,0.05390846556630243,105.60668404438647
Pseudomonas_sp. NFACC02,1566250,1.3272077590607445,0.1912700029909156,374.69793585920365
Pseudomonas_sp. NFIX28,1566235,2.7565084226646275,0.31184893983739,610.912073141447
Pseudomonas_sp. NFR16,1566248,1.429300663603883,0.15019096972766968,294.2241096965049
Pseudomonas_sp. NIBR-H-19,2901380,1.0209290454313402,0.1701937893180961,333.4096332741502
Pseudomonas_sp. NIBRBAC000502773,2590776,0.5615109749872338,0.023829042707475122,46.68109466394376
Pseudomonas_sp. NS1(2017),2025658,0.9698825931597765,0.0902273953229851,176.75546743772782
Pseudomonas_sp. NY5710,2662033,1.0209290454313402,0.06050799624676017,118.53516464740318
Pseudomonas_sp. OE 28.3,2745519,0.45941807044410643,0.025783232481464222,50.50935243118841
Pseudomonas_sp. OIL-1,2706126,3.522205206738127,0.5394256460361097,1056.7348405847388
Pseudomonas_sp. Os17,1500686,0.35732516590096797,0.13720513692315586,268.7848632324623
Pseudomonas_sp. Ost2,2678260,0.5615109749872338,0.08066946726974827,158.03148638143688
Pseudomonas_sp. PA15(2017),1932111,1.4803471158754467,0.13229260532558676,259.16121383282444
Pseudomonas_sp. PDNC002,2811422,2.0418580908626804,0.3008404192961342,589.3463814011269
Pseudomonas_sp. PGPPP1,2015553,1.071975497702915,0.1304383737528709,255.5287741818741
Pseudomonas_sp. PIA16,2931382,4.594180704441042,0.5610869188726924,1099.1692740716044
Pseudomonas_sp. PIC25,1958773,1.8887187340479783,0.20868418100475358,408.81231058831224
Pseudomonas_sp. PICF141,1949067,0.9698825931597765,0.10120081593412812,198.25239841495699
Pseudomonas_sp. PONIH3,1636610,0.3062787136294043,0.0597380277088405,117.02679628161854
Pseudomonas_sp. PP3,2815936,0.9698825931597765,0.09820658745204847,192.38670481856295
Pseudomonas_sp. PS1(2021),2866282,7.605921388463499,12.095111077909838,23694.322601625372
Pseudomonas_sp. Pc102,2678261,1.5824400204185851,0.2533862723903131,496.3837076126233
Pseudomonas_sp. R1-43-08,1173270,0.5104645227156701,0.07268416268961116,142.38827470894825
Pseudomonas_sp. R11-23-07,658632,0.40837161817253165,1.1905838871581282,2332.353834942773
Pseudomonas_sp. R2-37-08W,1173273,0.10209290454313846,0.02520569636248532,49.37795917410874
Pseudomonas_sp. R2-60-08W,1173280,0.15313935681470214,0.08125999205304597,159.18832443191707
Pseudomonas_sp. R2-7-07,658641,0.05104645227156368,0.0022659898303213173,4.439074077599461
Pseudomonas_sp. R3-18-08,1173283,0.10209290454313846,0.0289392482660562,56.69198735320409
Pseudomonas_sp. R3-52-08,1173284,0.15313935681470214,0.08431309444216302,165.16935201219735
Pseudomonas_sp. R4-34-07,658642,0.15313935681470214,0.014346098877203622,28.104007700441894
Pseudomonas_sp. R4-35-07,658643,0.2552322613578406,0.0868456157574459,170.13056126883652
Pseudomonas_sp. R4-39-08,1173288,0.15313935681470214,0.007174566141797359,14.054975071781026
Pseudomonas_sp. R5-89-07,658644,0.9698825931597765,0.20309807107658293,397.86912123902596
Pseudomonas_sp. R76,1573711,0.5104645227156701,0.04741648864197624,92.88890124963146
Pseudomonas_sp. R84,1573712,1.5824400204185851,0.22372882875986985,438.28477554058503
Pseudomonas_sp. R9.37,1390498,0.15313935681470214,0.006302593542495054,12.34678074974781
Pseudomonas_sp. RC3H12,2834406,0.5104645227156701,0.041346303707398314,80.9974089627933
Pseudomonas_sp. RIT-PI-q,1690247,2.858601327207755,0.4454520169830619,872.6405012698183
Pseudomonas_sp. RU47,2005388,0.2552322613578406,0.011267978128173773,22.07396915309242
Pseudomonas_sp. Root562,1736561,1.5824400204185851,0.25573148522094,500.9779795478215
Pseudomonas_sp. RtIB026,2749999,1.0209290454313402,0.05196459388290112,101.7986394166033
Pseudomonas_sp. S07E 245,2866278,0.7656967840735107,0.2526111647547393,494.8652717545344
Pseudomonas_sp. S09G 359,2054919,1.0209290454313402,0.2900942253252709,568.2945874122057
Pseudomonas_sp. S150,2559074,0.10209290454313846,0.0317485213051092,62.19535323670892
Pseudomonas_sp. S34,1573718,0.45941807044410643,0.024301698407558626,47.60702718040735
Pseudomonas_sp. S35,1573719,0.7656967840735107,0.03135448262103593,61.423431454609386
Pseudomonas_sp. S49,1573720,0.45941807044410643,0.04349742277834634,85.21145122278048
Pseudomonas_sp. SC3(2021),2871493,0.20418580908626582,0.08230951888566274,161.2443474970133
Pseudomonas_sp. SCA2728.1_7,2825975,0.5615109749872338,0.0511976562519608,100.2962085975912
Pseudomonas_sp. SCB32,2653853,2.3991832567636595,0.5443879125696626,1066.455920723969
Pseudomonas_sp. SDI,2170734,1.429300663603883,0.11515412307771375,225.58692710924123
Pseudomonas_sp. SDM007,2812000,0.6125574272588086,0.397568438213648,778.8365704605364
Pseudomonas_sp. SGAir0191,2217867,0.5615109749872338,0.19378500399786497,379.6248228318175
Pseudomonas_sp. SHC52,984195,0.9698825931597765,0.11260269465409421,220.58867882737056
Pseudomonas_sp. SK,2729423,0.5104645227156701,0.022017382688176962,43.13205268613867
Pseudomonas_sp. SK3(2021),2841064,0.6125574272588086,0.04427298323463761,86.73077415665507
Pseudomonas_sp. SST3,2267882,2.1949974476773826,0.23645599856214736,463.21730118324666
Pseudomonas_sp. SW-3,147212,0.15313935681470214,0.028904219319393094,56.62336564669107
Pseudomonas_sp. SWI36,2083052,0.35732516590096797,0.09829811261180259,192.56600260652127
Pseudomonas_sp. SWI44,2083053,0.20418580908626582,0.036574101697413694,71.64866522523343
Pseudomonas_sp. SWI6,2083051,0.05104645227156368,0.005156282981241366,10.101158360251835
Pseudomonas_sp. SWI7,2587597,0.2552322613578406,0.03983726569028938,78.04120348727689
Pseudomonas_sp. SXM-1,2169583,0.6125574272588086,0.07213616557674507,141.31474836484358
Pseudomonas_sp. Seg1,2678259,0.3062787136294043,0.2981260700304073,584.0289711895679
Pseudomonas_sp. So3.2b,2864101,0.15313935681470214,0.014932092520338667,29.25196924734345
Pseudomonas_sp. St29,1500687,0.40837161817253165,0.04671116250097915,91.50716733941815
Pseudomonas_sp. St316,2678257,1.2761613067891808,0.4347358672155895,851.6475638753398
Pseudomonas_sp. StFLB209,1028989,1.9908116385911168,0.19589364858320843,383.75565757450534
Pseudomonas_sp. T,1938440,49.05564063297601,5.1760810288237655,10139.942735465756
Pseudomonas_sp. T8,645292,0.3062787136294043,0.10682909815305641,209.2782032818375
Pseudomonas_sp. TCU-HL1,1856685,1.6845329249617125,0.21550774573494694,422.17967389476104
Pseudomonas_sp. TKP,1415630,0.35732516590096797,0.10602637314285789,207.7056649868586
Pseudomonas_sp. TMW 2.1634,1886807,0.35732516590096797,0.23112116812561723,452.76636835808415
Pseudomonas_sp. TTU2014-080ASC,1729724,1.6334864726901488,0.30633054464342085,600.1015369564615
Pseudomonas_sp. Tri1,2823875,0.7656967840735107,0.031659647184680416,62.021248834788935
Pseudomonas_sp. URMO17WK12:I11,1283291,1.3782542113323082,0.3250292652053703,636.7323305373204
Pseudomonas_sp. URMO17WK12:I2,1261623,11.995916283818275,0.8528698845475001,1670.7721038285526
Pseudomonas_sp. UW4,1207075,0.5615109749872338,0.03969104413736698,77.75475546510191
Pseudomonas_sp. VI4.1,1941346,0.9698825931597765,0.5126404957394143,1004.2627311535125
Pseudomonas_sp. VLB120,69328,0.05104645227156368,0.10831980129155405,212.1984907301544
Pseudomonas_sp. XWY-1,2069256,0.45941807044410643,0.07954435344172721,155.8273883923436
Pseudomonas_sp. Y39-6,2749807,0.45941807044410643,0.3436756792718184,673.2606556934923
Pseudomonas_sp. Y5-11,2749808,0.7146503318019359,0.2365989079367203,463.4972606480351
Pseudomonas_sp. Z003-0.4C(8344-21),1855380,0.3062787136294043,0.0051537000692278255,10.09609843561731
Pseudomonas_sp. gcc21,2726989,1.8376722817764146,0.484131131104442,948.4128858336019
Pseudomonas_sp. p1(2021b),2874628,4.185809086268499,1.494159165945272,2927.057806086788
Pseudomonas_sp. phDV1,253237,5.666156202143946,4.046461987041271,7927.019032613849
Pseudomonas_synxantha,47883,16.896375701888722,2.4079312845679333,4717.137386468581
Pseudomonas_syringae,317,35.068912710566615,5.304380106027103,10391.280627707094
Pseudomonas_syringae group genomosp. 3,251701,0.5104645227156701,0.2368693208866763,464.02699961699886
Pseudomonas_syringae group genomosp. 7,251699,1.429300663603883,0.2806756273042889,549.8435538891019
Pseudomonas_taeanensis,574962,3.573251659009702,0.42880644328457906,840.0318223944904
Pseudomonas_taetrolens,47884,1.5824400204185851,0.36593716185719677,716.8709000782485
Pseudomonas_taiwanensis,470150,0.20418580908626582,0.07498044963510105,146.88670083516294
Pseudomonas_tensinigenes,2745511,1.6845329249617125,0.31760384723633195,622.1859367359743
Pseudomonas_thivervalensis,86265,0.6636038795303723,0.06570119835942581,128.70864758611518
Pseudomonas_tohonis,2725477,1.225114854517606,0.0866521481404583,169.7515582071578
Pseudomonas_tolaasii,29442,76.00816743236345,27.332418502429185,53544.207846258774
Pseudomonas_toyotomiensis,554344,1.5313935681470103,0.17275368638969751,338.4244716374174
Pseudomonas_tremae,200454,0.15313935681470214,0.0143237261581751,28.060179543865022
Pseudomonas_tritici,2745518,0.9188361408882129,0.23492976566563933,460.2274109389875
Pseudomonas_trivialis,200450,1.2761613067891808,0.5588855609750054,1094.8568139500355
Pseudomonas_tructae,2518644,1.1230219499744787,0.16682039627058798,326.80115629408186
Pseudomonas_umsongensis,198618,7.708014293006638,0.7017551730974575,1374.7383840979192
Pseudomonas_vancouverensis,95300,1.0209290454313402,0.19936584324872014,390.5576869242428
Pseudomonas_vanderleydeniana,2745495,2.9096477794793296,0.4894494483504683,958.8314693185673
Pseudomonas_veronii,76761,1.429300663603883,0.3196129960921313,626.1218593444852
Pseudomonas_versuta,1788301,1.3782542113323082,0.10022775246851692,196.34616708582465
Pseudomonas_viciae,2505979,1.225114854517606,0.10624489926589621,208.13375766189068
Pseudomonas_viridiflava,33069,3.4201123021949997,1.535852216115636,3008.734491370531
Pseudomonas_wadenswilerensis,1785161,0.8167432363450744,0.18214418996866696,356.8204681486186
Pseudomonas_weihenstephanensis,1608994,0.8167432363450744,0.08712574174325342,170.67932807503345
Pseudomonas_wenzhouensis,2906062,4.543134252169478,0.6726195018609751,1317.6616041456502
Pseudomonas_xantholysinigenes,2745490,1.3272077590607445,0.1572051918858227,307.96497090432666
Pseudomonas_xanthosomae,2842356,1.1740684022460424,0.11148160998033858,218.39247395148328
Pseudomonas_yamanorum,515393,1.7355793772332873,0.33653118005614685,659.2645817299917
Pseudomonas_yangmingensis,1720063,4.3389484430832015,1.649148250446327,3230.6814226243546
Pseudomonas_zarinae,2745498,0.3062787136294043,0.014933013829168888,29.253774091341853
Pseudomonas_zeae,2745510,0.9188361408882129,0.10096462752199424,197.78970531558673
Pseudomonas_zeshuii,1076620,3.0627871362940318,0.4402675140735156,862.4840600700171
Pseudoramibacter_alactolyticus,113287,13.272077590607456,10.854656641248793,21264.272360206385
Psychrobacter_alimentarius,261164,0.10209290454313846,0.14645377699327916,286.90294912983387
Psychrobacter_aquaticus,248452,2.297090352220521,0.41319955469513797,809.4579276477753
Psychrobacter_arcticus,334543,1.3782542113323082,0.32710124635341353,640.7913416063371
Psychrobacter_arenosus,256326,3.6753445635528292,0.556853814572907,1090.8766227483247
Psychrobacter_cryohalolentis,330922,1.4803471158754467,0.43805247481596454,858.1447981644745
Psychrobacter_fozii,198480,1.1230219499744787,0.16658866936190012,326.34720327996234
Psychrobacter_immobilis,498,1.225114854517606,0.8117979232508932,1590.3121316484996
Psychrobacter_pacificensis,112002,0.15313935681470214,0.03182283632428487,62.34093635927406
Psychrobacter_pasteurii,1945520,76.16130678917816,26.87455504537229,52647.25333388431
Psychrobacter_phenylpyruvicus,29432,1.7355793772332873,3.7450434714734877,7336.540160616562
Psychrobacter_piechaudii,1945521,3.2669729453802976,0.38306817722451414,750.4305591828232
Psychrobacter_piscatorii,554343,1.7355793772332873,0.5247763883365735,1028.0369447513474
Psychrobacter_sanguinis,861445,1.939765186319553,0.41505024472914065,813.0834294243865
Psychrobacter_sp. 28M-43,2772254,0.6636038795303723,0.07331562156149381,143.62530263896636
Psychrobacter_sp. AntiMn-1,1720344,0.20418580908626582,0.0628245882157221,123.07336831459958
Psychrobacter_sp. Cmf 22.2,1926478,1.1230219499744787,0.27533151375942877,539.3744354547209
Psychrobacter_sp. DAB_AL43B,1028416,1.939765186319553,0.5470977377154701,1071.764468184606
Psychrobacter_sp. FDAARGOS_221,1975705,3.0627871362940318,0.5070984160895415,993.4057971194119
Psychrobacter_sp. G,571800,1.0209290454313402,0.31973312695715506,626.3571957090668
Psychrobacter_sp. JB385,1434841,1.1230219499744787,0.2883377886854165,564.8537280347309
Psychrobacter_sp. JCM 18900,1298608,1.2761613067891808,0.1808340948013826,354.2539917159085
Psychrobacter_sp. KCTC 72983,2733866,2.0418580908626804,0.6560957477964093,1285.2915699331659
Psychrobacter_sp. KH172YL61,2517899,0.10209290454313846,0.04220733662777961,82.68417245382025
Psychrobacter_sp. P11F6,1699621,0.8677896886166381,0.804445342772725,1575.908426491768
Psychrobacter_sp. P11G3,1699623,1.8887187340479783,1.013326935074548,1985.1074658110394
Psychrobacter_sp. P11G5,1699624,0.6636038795303723,0.24659116117979277,483.07208475121405
Psychrobacter_sp. P2G3,1699622,0.6125574272588086,0.23430676382699878,459.0069503370906
Psychrobacter_sp. PraFG1,2565531,0.20418580908626582,0.09573287112596085,187.5406945357573
Psychrobacter_sp. Sarcosine-3u-12,2058325,2.501276161306787,1.0536806918224801,2064.1604752802386
Psychrobacter_sp. WY6,2708350,2.1949974476773826,1.1204387161290925,2194.9394448968924
Psychrobacter_sp. YP14,2203895,0.35732516590096797,0.10857919155319054,212.70663625270026
Psychrobacter_urativorans,45610,4.134762633996935,0.7090344795115376,1388.9985453631023
Pyramidobacter_piscolens,638849,3.8284839203675314,18.088168366562094,35434.72183009514
Pyramidobacter_sp. C12-8,1943580,72.58805513016846,12.729033587139984,24936.17679720723
Ralstonia_insidiosa,190721,40.58192955589587,289.74582481682904,567612.0708161681
Ralstonia_mannitolilytica,105219,38.79530372639102,21.919217575376226,42939.74723016203
Ralstonia_pickettii,329,40.58192955589587,86.44656887758586,169348.8284311907
Ralstonia_pseudosolanacearum,1310165,1.5313935681470103,0.8128701492310229,1592.4126223435737
Ralstonia_solanacearum,305,49.71924451250638,23.49904231297513,46034.62389111828
Ralstonia_sp. 25mfcol4.1,1761899,5.513016845329255,0.7240723970049663,1418.457825732729
Ralstonia_sp. 56D2,2842456,38.489025012761616,15.825769986408234,31002.683403373732
Ralstonia_sp. A12,1217052,39.10158244002042,31.885169219315603,62463.04650063927
Ralstonia_sp. NFACC01,1566294,38.13169984686064,15.45712870808192,30280.51513913248
Ralstonia_syzygii,28097,0.7656967840735107,0.0825716617120757,161.7578852939563
Raoultella_electrica,1259973,1.5824400204185851,6.90150419683997,13520.046721609502
Raoultella_ornithinolytica,54291,6.125574272588052,2373.6193106069345,4649920.229478985
Raoultella_planticola,575,6.074527820316488,43.18428201118108,84598.00845990374
Raoultella_sp. HC6,2923366,4.900459418070446,97.97850707747759,191939.89536477858
Raoultella_sp. T31,2054594,2.0418580908626804,7.910610168339003,15496.885319776107
Raoultella_sp. X13,2259647,0.20418580908626582,53.08331921531953,103990.22234281096
Raoultella_sp. XY-1,2799495,1.429300663603883,31.207035128507368,61134.58181674594
Raoultella_terrigena,577,2.501276161306787,46.2521830419303,90608.02657914146
Roseburia_faecis,301302,9.749872383869318,16.930188954012003,33166.24016090951
Roseburia_hominis,301301,7.759060745278202,2.992122785836603,5861.568537453905
Roseburia_intestinalis,166486,13.169984686064318,13.911000702549536,27251.650376294543
Roseburia_inulinivorans,360807,8.933129147524244,9.567355993385712,18742.45039104261
Roseburia_sp. 499,1261634,10.92394078611536,2.693506420518497,5276.579077795735
Roseburia_sp. 831b,1261635,5.104645227156713,1.3567642485760947,2657.9011629605693
Roseburia_sp. CAG:182,1262942,16.436957631444614,2.8537899004229423,5590.574414928544
Roseburia_sp. CAG:303,1262944,6.584992343032159,2.18522731081641,4280.860301889347
Roseburia_sp. CAG:309,1262945,6.3808065339458935,2.0701816433073676,4055.4858392391334
Roseburia_sp. CAG:471,1262948,3.8284839203675314,2.025621367862006,3968.19225964167
Roseburia_sp. NSJ-69,2763062,4.492087799897904,2.0540426713829367,4023.8695932391734
Rothia_aeria,172042,4.7983665135273075,0.6539936066323575,1281.1734753927883
Rothia_amarae,169480,3.879530372639106,0.7192325964628286,1408.976656470681
Rothia_dentocariosa,2047,5.513016845329255,1.3530810889781908,2650.685853308276
Rothia_kristinae,37923,3.93057682491067,0.7242249508668392,1418.756678748138
Rothia_mucilaginosa,43675,6.687085247575297,27.03815712185326,52967.74980171054
Rothia_nasimurium,85336,2.7054619703930527,0.5372391822266749,1052.451557982056
Rothia_sp.,1885016,1.071975497702915,1.503995773153416,2946.327719607542
Rothia_sp. ZJ932,2810516,3.93057682491067,0.8696133797698273,1703.5726109690918
Rothia_terrae,396015,3.6753445635528292,0.7407982086299855,1451.2236907061415
Ruminococcus_albus,1264,5.921388463501787,1.2814538939964106,2510.3681783389684
Ruminococcus_bicirculans,1160721,7.86115364982134,16.857130657896004,33023.118958818275
Ruminococcus_bovis,2564099,6.023481368044925,1.551299987779723,3038.9966760604775
Ruminococcus_bromii,40518,9.749872383869318,35.20060245226784,68957.98020399269
Ruminococcus_callidus,40519,8.116385911179169,4.887600328801644,9574.80904412242
Ruminococcus_champanellensis,1161942,5.666156202143946,2.132263029027631,4177.103273865129
Ruminococcus_flavefaciens,1265,4.747320061255744,0.9154939699260984,1793.452687085227
Ruminococcus_obeum CAG:39,1263107,9.647779479326191,12.399372170892438,24290.370082778285
Ruminococcus_sp. CAG:330,1262954,2.7565084226646275,0.5966075994374485,1168.7542872979616
Ruminococcus_sp. CAG:403,1262958,5.819295558958649,1.5556047697484732,3047.429743937259
Ruminococcus_sp. CAG:488,1262959,2.654415518121489,0.4160963530520403,815.1327556289469
Ruminococcus_sp. CAG:563,1262961,2.7054619703930527,0.42041239146789733,823.5878748856109
Ruminococcus_sp. CAG:579,1262963,5.921388463501787,1.0987268623682698,2152.4059233794405
Ruminococcus_sp. CAG:624,1262965,5.46197039305768,2.1004213652014285,4114.725454429598
Ruminococcus_sp. FMBCY1,2831966,5.666156202143946,2.9153633999948734,5711.196900589957
Ruthenibacterium_lactatiformans,1550024,7.503828483920372,5.515685384158712,10805.227667566918
Saccharomyces_cerevisiae,4932,2.9096477794793296,26.79937296805927,52499.97164442811
Saccharomyces_cerevisiae x Saccharomyces kudriavzevii,332112,6.074527820316488,26.951290741412198,52797.5785624265
Saccharomyces_eubayanus,1080349,72.02654415518121,15.818466669868075,30988.376206271558
Saccharomyces_kudriavzevii,114524,74.0684022460439,40.94424162833062,80209.7693498997
Saccharomyces_paradoxus,27291,75.85502807554874,26.781751578902234,52465.45134306948
Salmonella_bongori,54736,28.330781010719754,24.89693523321133,48773.096121860995
Salmonella_enterica,28901,77.28432873915263,1499.8561514093478,2938218.2006109124
Salmonella_sp. A29-2,2876620,0.05104645227156368,0.622129180711596,1218.7510650140164
Salmonella_sp. A39,2878546,0.40837161817253165,1.2090312614234127,2368.4922411284656
Salmonella_sp. A7,2874627,0.35732516590096797,2.707674485742145,5304.334317568862
Salmonella_sp. JXY0409-18,2879113,0.10209290454313846,0.020068891060798264,39.3149575881038
Salmonella_sp. SCFS4,2725417,0.10209290454313846,6.7691983540526435,13260.85957558913
Salmonella_sp. SJTUF14154,2745893,0.10209290454313846,0.07527083937520593,147.4555743360284
Salmonella_sp. SJTUF14178,2745895,1.5313935681470103,4.470638128220807,8757.980093184562
Salmonella_sp. SSDFZ54,2500542,0.7146503318019359,3.999123652665802,7834.283235572306
Salmonella_sp. SSDFZ69,2500543,0.2552322613578406,0.02215699601455213,43.40555519250762
Scardovia_inopinata,78259,6.227667177131191,7.349243201917632,14397.167432556642
Scardovia_wiggsiae,230143,5.410923940786116,10.863794897304953,21282.174203820403
Schaalia_cardiffensis,181487,3.3180193976518613,2.1735668301050373,4258.017420175768
Schaalia_georgiae,52768,3.164880040837159,0.7223296030627273,1415.0436923998827
Schaalia_meyeri,52773,3.573251659009702,0.5100186148428066,999.1264664770582
Schaalia_odontolytica,1660,7.197549770290967,3.5334453959991956,6922.019530762424
Schaalia_radingae,131110,19.959162838182742,29.709377851309064,58200.671210714456
Schaalia_sp. 19OD2882,2794089,3.4201123021949997,0.3910962744943754,766.1576017344814
Schaalia_sp. JY-X169,2758572,3.726391015824404,1.1478064127385808,2248.55276255488
Schaalia_sp. ZJ405,2709403,5.97243491577335,5.501753055326411,10777.934235384439
Schaalia_turicensis,131111,22.052067381317,151.91687671573504,297605.16148612497
Selenomonas_artemidis,671224,4.747320061255744,0.551122907630781,1079.6497760487
Selenomonas_flueggei,135080,4.7983665135273075,0.9658027707937338,1892.0076279849245
Selenomonas_infelix,135082,2.501276161306787,1.32404671470701,2593.8075141110326
Selenomonas_noxia,135083,5.104645227156713,1.1130368269263047,2180.4391439486308
Selenomonas_ruminantium,971,4.95150587034201,0.646712503690627,1266.9097947299383
Selenomonas_sp. F0473,999423,4.0837161817253715,0.6698989110959301,1312.3319668369272
Selenomonas_sp. FOBRC6,936572,3.726391015824404,1.4226301163337622,2786.93239789784
Selenomonas_sp. oral taxon 126,712528,2.0418580908626804,0.9742656030687724,1908.5863164117252
Selenomonas_sp. oral taxon 136,713030,1.6334864726901488,0.655655639592271,1284.429397961259
Selenomonas_sp. oral taxon 138,712532,2.5523226135783617,0.697489819225792,1366.3825558633266
Selenomonas_sp. oral taxon 478,712538,1.2761613067891808,0.19340135797112873,378.87326026544116
Selenomonas_sp. oral taxon 892,1321785,2.450229709035223,0.4913127625645294,962.481701863913
Selenomonas_sp. oral taxon 920,1884263,2.2460438999489574,0.7369572810027701,1443.6993134844267
Selenomonas_sputigena,69823,6.738131699846861,4.944724820340395,9686.715923046833
Selenomonas_timonae,2754044,0.8677896886166381,0.2445214566468276,479.01753357113523
Sellimonas_intestinalis,1653434,7.044410413476266,4.540290533936647,8894.42915598189
Serratia_entomophila,42906,2.2460438999489574,0.6624382922882643,1297.71661459271
Serratia_ficaria,61651,0.3062787136294043,0.062228902609596445,121.90642021219944
Serratia_fonticola,47917,3.9816232771822335,6.377786652941899,12494.08405311318
Serratia_grimesii,82995,1.0209290454313402,0.12476427042380771,244.4132057602393
Serratia_inhibens,2338073,1.3782542113323082,1.3551347058861376,2654.7088888309436
Serratia_liquefaciens,614,2.807554874936191,7.150191349767666,14007.224854194857
Serratia_marcescens,615,29.555895865237368,515.7483118985682,1010350.943009295
Serratia_nematodiphila,458197,0.35732516590096797,0.07841934670034402,153.62350018597394
Serratia_odorifera,618,2.3481368044920847,0.7088524960663394,1388.642039793959
Serratia_oryzae,2034155,4.69627360898418,2.8747006957556596,5631.538662985337
Serratia_plymuthica,82996,8.575803981623276,8.746746987961616,17134.877349416805
Serratia_proteamaculans,28151,2.654415518121489,1.3303998491121913,2606.2533044107827
Serratia_quinivorans,137545,1.7355793772332873,0.35671299416846847,698.8007555760297
Serratia_rhizosphaerae,2597702,1.1740684022460424,0.9023238225376032,1767.6523683511648
Serratia_rubidaea,61652,3.1138335885655954,5.4287760299000505,10634.972242574198
Serratia_sp. 1D1416,2447890,1.2761613067891808,1.0242924560417521,2006.5889213857922
Serratia_sp. 3ACOL1,2448483,0.3062787136294043,0.10333795804159357,202.4390598034818
Serratia_sp. ATCC 39006,104623,6.125574272588052,1.130162102856361,2213.9875594956115
Serratia_sp. CMO1,2785630,2.654415518121489,2.0330688585917973,3982.781893981331
Serratia_sp. DD3,1410619,2.1949974476773826,0.21595335682872224,423.0526260274669
Serratia_sp. FDAARGOS_506,2420306,0.8677896886166381,0.3432625011477264,672.451239748396
Serratia_sp. FGI94,671990,0.8167432363450744,1.3630325172030255,2670.180701200727
Serratia_sp. FS14,1327989,0.5615109749872338,0.16327695647792342,319.859557740252
Serratia_sp. HRI,2663241,0.05104645227156368,0.01096454101885099,21.47953585592909
Serratia_sp. JKS000199,1938820,0.20418580908626582,0.15400240315676894,301.6907077841104
Serratia_sp. JSRIV001,2831893,0.2552322613578406,0.12034092793085548,235.74787781654587
Serratia_sp. JSRIV002,2831894,0.3062787136294043,0.35804316664745467,701.4065634623637
Serratia_sp. JSRIV004,2831895,0.40837161817253165,0.10142667858317034,198.6948633444307
Serratia_sp. JSRIV006,2831896,0.20418580908626582,0.1211371252669457,237.30762839794662
Serratia_sp. JUb9,2724469,0.20418580908626582,0.08567239112356714,167.83221421106802
Serratia_sp. LS-1,2485839,0.10209290454313846,0.05762288051562559,112.88322293011053
Serratia_sp. M24T3,932213,4.0837161817253715,2.828941220534759,5541.8958510275925
Serratia_sp. MYb239,2033438,0.40837161817253165,0.12548378774724483,245.82274019685264
Serratia_sp. P2ACOL2,2482769,0.3062787136294043,0.08171489710347786,160.07948342571314
Serratia_sp. S1B,2233853,3.4711587544665634,0.7831918477808932,1534.2728298027698
Serratia_sp. SCBI,488142,0.2552322613578406,0.11963032260644156,234.35580198601903
Serratia_sp. SSNIH1,1758196,0.20418580908626582,0.5576837451897019,1092.502456826626
Serratia_sp. Tan611,2773264,0.05104645227156368,0.006737173172458849,13.198122244846886
Serratia_surfactantfaciens,2741499,1.0209290454313402,0.3083027259713059,603.9650401777883
Serratia_symbiotica,138074,4.594180704441042,8.349385404633969,16356.446007677945
Serratia_ureilytica,300181,2.2460438999489574,5.001206100820253,9797.362751506877
Shuttleworthia_satelles,177972,7.708014293006638,32.13377337827306,62950.062048036925
Slackia_exigua,84109,17.559979581419093,40.86546828739933,80055.45237501529
Slackia_heliotrinireducens,84110,7.554874936191935,3.740940493773341,7328.502427301975
Slackia_isoflavoniconvertens,572010,8.677896886166414,8.315934939714312,16290.916546900336
Sneathia_vaginalis,187101,10.92394078611536,261.0792440535592,511454.2391009224
Solobacterium_moorei,102148,31.75089331291475,368.05421631206485,721018.209755335
Sphingomonas_adhaesiva,28212,8.779989790709541,2.5505113705809586,4996.451774968098
Sphingomonas_aerolata,185951,14.34405308831036,2.653249529408039,5197.715828110348
Sphingomonas_aliaeris,2759526,17.66207248596222,4.03488198238356,7904.333803489393
Sphingomonas_alpina,653931,35.63042368555386,18.731931113514015,36695.85305137395
Sphingomonas_aracearum,2283317,13.731495661051552,3.639386937405377,7129.559010377134
Sphingomonas_aurantiaca,185949,7.350689127105669,1.5107280570584383,2959.5162637774806
Sphingomonas_changbaiensis,529705,15.313935681470136,2.280823326469646,4468.132896554036
Sphingomonas_changnyeongensis,2698679,16.74323634507402,2.5080956964552725,4913.359469355879
Sphingomonas_daechungensis,1176646,3.4711587544665634,0.8839582382043757,1731.674188642372
Sphingomonas_deserti,2116704,7.554874936191935,2.042502016511198,4001.2614503454365
Sphingomonas_dokdonensis,344880,8.779989790709541,1.802822851139647,3531.7299653825685
Sphingomonas_endophytica,869719,9.90301174068402,1.8611271499718973,3645.948086794947
Sphingomonas_faeni,185950,2.807554874936191,1.1449372080726703,2242.931990614361
Sphingomonas_fennica,114404,14.34405308831036,16.8797543030029,33067.43867958269
Sphingomonas_gellani,1166340,7.248596222562531,1.403183533083958,2748.8365413114734
Sphingomonas_ginsengisoli An et al. 2013,363835,5.513016845329255,1.0568983827635205,2070.4639318337368
Sphingomonas_ginsenosidimutans,862134,10.872894333843796,3.028804665741016,5933.4283401866505
Sphingomonas_guangdongensis,1141890,8.575803981623276,1.616680996770379,3167.0780726731723
Sphingomonas_haloaromaticamans,653954,6.227667177131191,9.745812003107794,19092.04571408817
Sphingomonas_hankookensis,563996,9.290454313425212,3.7928269267602603,7430.14794952335
Sphingomonas_hengshuiensis,1609977,20.92904543134252,3.683352316343735,7215.687187717377
Sphingomonas_insulae,424800,9.188361408882084,2.2121053284883536,4333.514338508685
Sphingomonas_jatrophae,1166337,9.188361408882084,1.706958950349496,3343.932583734663
Sphingomonas_jeddahensis,1915074,8.320571720265447,1.2118460413427008,2374.006394990351
Sphingomonas_koreensis,93064,16.99846860643185,5.675469811204124,11118.24536014888
Sphingomonas_lacunae,2698828,9.188361408882084,1.4286206130090038,2798.6677808846384
Sphingomonas_laterariae,861865,13.884635017866254,3.7946199417362547,7433.660465861323
Sphingomonas_lenta,1141887,18.0193976518632,7.553522092314803,14797.349778844698
Sphingomonas_lutea,1045317,3.7774374680959677,0.696116517261221,1363.692257314732
Sphingomonas_melonis,152682,16.947422154160286,7.714671385334101,15113.041243869504
Sphingomonas_morindae,1541170,13.527309851965285,2.385835272178271,4673.8512981972335
Sphingomonas_mucosissima,370959,6.278713629402755,1.062580494968726,2081.5951896437346
Sphingomonas_oleivorans,1735121,9.954058192955594,2.850945251799194,5585.001748274621
Sphingomonas_paeninsulae,2319844,8.677896886166414,1.7641815345143892,3456.0316261136886
Sphingomonas_palmae,1855283,10.107197549770286,1.6821595336594426,3295.350526438848
Sphingomonas_panacis,1560345,25.98264420622767,5.598990302034558,10968.4220016857
Sphingomonas_panacisoli,1813879,20.877998979070956,3.802038494936428,7448.193411580462
Sphingomonas_parapaucimobilis,28213,6.3808065339458935,2.4190972630382186,4739.01153829187
Sphingomonas_paucimobilis,13689,17.25370086778969,7.152798331554218,14012.331931514713
Sphingomonas_piscis,2714943,2.858601327207755,0.41183490967452047,806.7845880523856
Sphingomonas_pokkalii,2175090,11.689637570188872,2.065736405145184,4046.777617679415
Sphingomonas_profundi,2681549,11.0260336906585,2.2971605560838255,4500.137529368214
Sphingomonas_psychrotolerans,1327635,17.713118938233798,3.167898360403249,6205.912888029965
Sphingomonas_radiodurans,2890321,12.608473711077083,1.8959088774188715,3714.0854908635692
Sphingomonas_rhizophila,2071607,5.104645227156713,0.8873962492565328,1738.4092522935478
Sphingomonas_rubra,634430,8.37161817253701,1.7619237606941485,3451.608647199837
Sphingomonas_sabuli,2764186,2.9096477794793296,0.4450196088288424,871.7934136957023
Sphingomonas_sanguinis,33051,6.687085247575297,1.33592720782588,2617.0814001308986
Sphingomonas_sanxanigenens,397260,21.643695763144464,6.200902696452725,12147.568382350888
Sphingomonas_sediminicola,386874,1.8376722817764146,0.29941603025568375,586.5560032708845
Sphingomonas_sinipercae,2714944,3.1138335885655954,0.5461907645736981,1069.9877077998744
Sphingomonas_sp. 32-62-10,1970436,31.291475242470646,7.174652956460194,14055.14514170552
Sphingomonas_sp. 67-36,1895849,15.620214395099541,3.954208636121449,7746.294718161918
Sphingomonas_sp. 67-41,1895850,31.75089331291475,10.579773001633708,20725.77531020043
Sphingomonas_sp. AAP5,1523415,39.86727922409392,19.99535154191569,39170.89367061284
Sphingomonas_sp. AK-PDB1-5,2872652,13.680449208779988,2.7045841470833194,5298.280344136223
Sphingomonas_sp. AP4-R1,2735134,22.511485451761104,4.472814062926178,8762.242749272382
Sphingomonas_sp. Ag1,1642949,12.965798876978052,4.4311196597349785,8680.563413420823
Sphingomonas_sp. CL5.1,2653203,18.070444104134765,6.660428583234919,13047.779594557205
Sphingomonas_sp. DM2-R-LB4,2899123,23.124042879019914,5.414693293042928,10607.384161071097
Sphingomonas_sp. FARSPH,2219696,24.655436447166924,363.5212306491475,712138.09084168
Sphingomonas_sp. HDW15A,2714942,2.858601327207755,0.5137025946325221,1006.3433828851107
Sphingomonas_sp. HMP6,1517551,38.182746299132205,14.590420729661876,28582.634209407614
Sphingomonas_sp. HMP9,1517554,8.831036242981117,2.197495096530574,4304.892894103395
Sphingomonas_sp. IBVSS2,1985172,25.829504849412967,8.824149354970936,17286.508586388063
Sphingomonas_sp. IC081,304378,27.92240939254722,8.70157324523848,17046.38198742218
Sphingomonas_sp. KC8,1030157,19.703930576824913,3.307667407375549,6479.720451048701
Sphingomonas_sp. KRR8,2942996,4.44104134762634,0.6589774255787971,1290.9367767088636
Sphingomonas_sp. LK11,1390395,4.849412965798871,1.6187179806367333,3171.0685240673606
Sphingomonas_sp. LM7,1938607,17.15160796324655,3.5050667603615064,6866.425783548191
Sphingomonas_sp. Leaf10,1735676,14.752424706482902,3.5876266168009963,7028.160542313151
Sphingomonas_sp. Leaf17,1735683,15.3649821337417,3.1888815437772293,6247.018944259592
Sphingomonas_sp. Leaf198,1736299,4.0837161817253715,1.5020483856738218,2942.5127875350167
Sphingomonas_sp. Leaf20,1735685,8.984175599795819,2.624610580510766,5141.61212722059
Sphingomonas_sp. Leaf208,1735679,4.389994895354777,2.0502340447522456,4016.4084936696495
Sphingomonas_sp. Leaf230,1735694,3.7774374680959677,1.3632558747178811,2670.618258572329
Sphingomonas_sp. Leaf231,1736301,11.434405308831042,2.0666874110805526,4048.6406383068024
Sphingomonas_sp. Leaf242,1736304,3.522205206738127,2.0620917799955003,4039.637797011185
Sphingomonas_sp. Leaf33,1736215,16.641143440530882,3.964950746762309,7767.338512907363
Sphingomonas_sp. Leaf339,1736343,11.587544665645733,2.3980974973829308,4697.8729973731615
Sphingomonas_sp. Leaf343,1736345,12.30219499744768,2.287146151107197,4480.519310018999
Sphingomonas_sp. Leaf357,1736350,24.24706482899438,6.217999906692966,12181.061817211521
Sphingomonas_sp. Leaf412,1736370,11.944869831546711,1.9361003690242022,3792.820622918412
Sphingomonas_sp. MM-1,745310,10.362429811128127,9.749256606754694,19098.793692632444
Sphingomonas_sp. NBWT7,2596913,12.20010209290454,4.029480920861616,7893.753123967905
Sphingomonas_sp. NFR04,1566283,20.775906074527818,4.039329254710303,7913.046009977483
Sphingomonas_sp. NFR15,1566282,26.748340990301177,6.380036906047344,12498.492298946747
Sphingomonas_sp. NIC1,1961362,11.179173047473201,7.217929209344695,14139.923321106258
Sphingomonas_sp. OK281,1881067,10.719754977029094,2.600348361899776,5094.082440961661
Sphingomonas_sp. OV641,1881068,14.037774374680955,27.26567301531221,53413.45343699662
Sphingomonas_sp. PAMC26645,2565555,2.858601327207755,0.9656180688287651,1891.6457968355508
Sphingomonas_sp. PP-CE-3G-477,2135660,4.69627360898418,1.7327760662550642,3394.508313793671
Sphingomonas_sp. RIT328,1470591,25.370086778968858,4.9445684756994694,9686.40964389526
Sphingomonas_sp. RMG20,2949093,17.713118938233798,3.264061864904894,6394.297193348687
Sphingomonas_sp. Root241,1736501,16.283818274629912,3.3373861965111518,6537.939558965346
Sphingomonas_sp. Root710,1736594,12.149055640632977,3.1139141966967285,6100.157911328891
Sphingomonas_sp. S2-65,2903960,13.527309851965285,2.6619121075146257,5214.685818621152
Sphingomonas_sp. S5-59,2918765,24.85962225625319,4.239059025641432,8304.316631231566
Sphingomonas_sp. S8-45,2938948,7.044410413476266,1.2564617999003453,2461.4086660047765
Sphingomonas_sp. SCN 67-18,1660141,19.959162838182742,5.124705202816893,10039.297492318292
Sphingomonas_sp. SRS2,133190,15.671260847371105,7.224568036717244,14152.928783929081
Sphingomonas_sp. SUN019,2937788,16.079632465543646,2.9426271761344003,5764.60663804729
Sphingomonas_sp. SUN039,2937787,17.968351199591627,2.8399841594694837,5563.528968400718
Sphingomonas_sp. TDK1,453247,17.8662582950485,7.12643156695164,13960.679439658263
Sphingomonas_sp. WG,1592629,16.641143440530882,4.148928148470613,8127.750242853932
Sphingomonas_sp. YR710,1882773,12.455334354262382,2.553814560191939,5002.922723416009
Sphingomonas_spermidinifaciens,1141889,17.611026033690656,3.0355345009817016,5946.612087423154
Sphingomonas_suaedae,2599297,12.81265952016335,2.428457146673572,4757.347550333528
Sphingomonas_taxi,1549858,11.995916283818275,2.3373738762921934,4578.915423656407
Sphingomonas_turrisvirgatae,1888892,15.058703420112307,5.56184557360568,10895.655478693527
Sphingomonas_xanthus,2594473,2.9096477794793296,0.765958705811712,1500.5131046851438
Sphingomonas_yabuuchiae,172044,3.6753445635528292,1.925688984078315,3772.424719809419
Staphylococcus_agnetis,985762,5.768249106687085,1.7890613565052447,3504.7711973937744
Staphylococcus_argensis,1607738,3.1138335885655954,0.8547086064371872,1674.3741600104497
Staphylococcus_argenteus,985002,3.2669729453802976,11.3796574975838,22292.749037766665
Staphylococcus_arlettae,29378,10.566615620214392,6.129121036537792,12006.948110577534
Staphylococcus_aureus,1280,86.11536498213374,8414.027408030835,16483079.692332407
Staphylococcus_auricularis,29379,5.768249106687085,2.1704145498391205,4251.842103134837
Staphylococcus_capitis,29388,19.959162838182742,32.16652164262874,63014.21589790969
Staphylococcus_caprae,29380,9.851965288412456,11.674909058081798,22871.146844782244
Staphylococcus_carnosus,1281,8.728943338437977,6.327213169274084,12395.01059860793
Staphylococcus_chromogenes,46126,5.104645227156713,1.4944437528570322,2927.615311846926
Staphylococcus_coagulans,74706,1.3272077590607445,2.0716573753902994,4058.376798389597
Staphylococcus_cohnii,29382,8.218478815722307,5.238520220315049,10262.261111597181
Staphylococcus_condimenti,70255,13.731495661051552,436.18954387212017,854495.3164454834
Staphylococcus_croceilyticus,319942,5.97243491577335,6.138736614992092,12025.785028769507
Staphylococcus_debuckii,2044912,5.359877488514552,1.393722122288926,2730.301637564006
Staphylococcus_delphini,53344,3.726391015824404,1.8621101625738132,3647.8738084821002
Staphylococcus_devriesei,586733,7.350689127105669,5.07648713846252,9944.838304248076
Staphylococcus_edaphicus,1955013,4.594180704441042,2.956505767592283,5791.794798713282
Staphylococcus_epidermidis,1282,70.75038284839204,2960.0457952371667,5798729.71286961
Staphylococcus_equorum,246432,8.728943338437977,8.298600364520805,16256.958114096256
Staphylococcus_felis,46127,4.900459418070446,2.108190757350126,4129.945693648897
Staphylococcus_gallinarum,1293,9.494640122511488,3.713873647317438,7275.478475094861
Staphylococcus_haemolyticus,1283,63.60387953037263,8520.228580217505,16691127.78864609
Staphylococcus_hominis,1290,62.32771822358346,1263.6975226560446,2475583.4468831914
Staphylococcus_hyicus,1284,4.900459418070446,1.6240788785914608,3181.5705231606717
Staphylococcus_intermedius,1285,4.236855538540074,1.9606014545820205,3840.818249526178
Staphylococcus_kloosii,29384,3.3180193976518613,1.147019590850203,2247.0113784755476
Staphylococcus_lloydii,2781774,2.807554874936191,0.9674836107032406,1895.3003933676484
Staphylococcus_lugdunensis,28035,19.499744767738648,93.93573702757614,184020.10883702166
Staphylococcus_lutrae,155085,4.134762633996935,0.6330607884473449,1240.1660845683487
Staphylococcus_massiliensis,555791,7.146503318019393,4.788422317358256,9380.519319704823
Staphylococcus_microti,569857,2.807554874936191,0.629512017342832,1233.2140419746079
Staphylococcus_muscae,1294,8.320571720265447,2.6965920691148657,5282.623863396022
Staphylococcus_nepalensis,214473,4.849412965798871,1.9009992077080562,3724.057447900082
Staphylococcus_pasteuri,45972,10.515569167942829,283.5579404307623,555490.0053038633
Staphylococcus_petrasii,1276936,8.167432363450743,9.485313378825277,18581.728909118716
Staphylococcus_pettenkoferi,170573,4.594180704441042,1.7830291321724112,3492.9540699257536
Staphylococcus_piscifermentans,70258,4.69627360898418,2.9400688731879736,5759.59492257524
Staphylococcus_pseudintermedius,283734,12.761613067891787,17.87663379442073,35020.32560327021
Staphylococcus_pseudoxylosus,2282419,7.656967840735074,3.07074984831083,6015.598952840916
Staphylococcus_ratti,2892440,4.3389484430832015,0.7285836993412421,1427.2954670094932
Staphylococcus_rostri,522262,4.7983665135273075,1.3418735894965026,2628.7303618236488
Staphylococcus_roterodami,2699836,5.053598774885149,11.884637922738136,23282.005690644008
Staphylococcus_saccharolyticus,33028,8.26952526799387,5.122925374328699,10035.810808309921
Staphylococcus_saprophyticus,29385,9.749872383869318,14.194988358736918,27807.982194765624
Staphylococcus_schleiferi,1295,4.900459418070446,3.3409809701916453,6544.981720605433
Staphylococcus_schweitzeri,1654388,2.9096477794793296,6.953132615127176,13621.186793034138
Staphylococcus_simiae,308354,6.738131699846861,8.125957555048673,15918.75085034035
Staphylococcus_simulans,1286,11.281265952016339,20.27250172200761,39713.83087341291
Staphylococcus_sp. 11-B-312,2799680,1.071975497702915,1.1645625249018647,2281.377986282753
Staphylococcus_sp. 17KM0847,2583989,3.522205206738127,0.819154719178243,1604.724094870178
Staphylococcus_sp. AntiMn-1,1715860,0.9188361408882129,2.3247312845218646,4554.148586378333
Staphylococcus_sp. HL28,2897335,1.7355793772332873,15.714817095674277,30785.32669042591
Staphylococcus_sp. M0911,2025492,1.6334864726901488,6.47304720810327,12680.699480674306
Staphylococcus_sp. MI 10-1553,1912064,1.6845329249617125,0.45485797738790634,891.0667777029086
Staphylococcus_sp. MZ3,2836364,0.05104645227156368,2.680677941234224,5251.448086877845
Staphylococcus_sp. MZ8,2836366,0.7146503318019359,70.2174362823076,137555.9576770406
Staphylococcus_sp. MZ9,2836367,0.3062787136294043,180.10770138314376,352830.9870095786
Staphylococcus_sp. NAM3COL9,1667172,5.104645227156713,1.7904069641452465,3507.407242760538
Staphylococcus_sp. SB1-57,2813777,2.807554874936191,8.6822095886647,17008.448584194146
Staphylococcus_sp. T93,2799681,0.10209290454313846,2.4723875930340427,4843.40729475369
Staphylococcus_succinus,61015,4.900459418070446,2.193308432360047,4296.691218993332
Staphylococcus_ureilyticus,94138,2.450229709035223,6.014845994269351,11783.083302773657
Staphylococcus_warneri,1292,10.260336906584989,1221.3988990430225,2392720.4432252813
Staphylococcus_xylosus,1288,14.293006636038797,5.426963212858492,10631.420933989786
Stenotrophomonas_acidaminiphila,128780,72.28177641653906,20.259919262318665,39689.18183488226
Stenotrophomonas_chelatiphaga,517011,2.0418580908626804,0.34713412936541427,680.0357594268465
Stenotrophomonas_daejeonensis,659018,2.1949974476773826,0.48822419674458084,956.4312014226339
Stenotrophomonas_geniculata,86188,0.20418580908626582,0.6225805218567686,1219.6352423174096
Stenotrophomonas_ginsengisoli,336566,2.7054619703930527,0.28783068005659623,563.860302230872
Stenotrophomonas_humi,405444,3.726391015824404,0.5209191983425523,1020.4807095530599
Stenotrophomonas_indicatrix,2045451,0.8167432363450744,0.20308734829757774,397.8481153149548
Stenotrophomonas_koreensis,266128,2.9096477794793296,0.5215281527552499,1021.6736512475345
Stenotrophomonas_lactitubi,2045214,1.071975497702915,0.2285748399214137,447.77811140604945
Stenotrophomonas_maltophilia,40324,55.538540071465036,173.47130045645562,339830.27759419655
Stenotrophomonas_panacihumi,676599,74.32363450740174,12.450063804206875,24389.67499244127
Stenotrophomonas_pavanii,487698,0.05104645227156368,0.7950476410872668,1557.4983288899557
Stenotrophomonas_rhizophila,216778,20.06125574272588,3.2334850895249745,6334.397290379425
Stenotrophomonas_sp. 169,2770322,5.819295558958649,0.5348619839411827,1047.7946265407768
Stenotrophomonas_sp. 364,2691571,1.939765186319553,0.37060874545573436,726.0225323477836
Stenotrophomonas_sp. ASS1,2282124,0.45941807044410643,0.3143385799890791,615.789278198606
Stenotrophomonas_sp. BIIR7,1904462,2.7565084226646275,0.5949340081128693,1165.475721893111
Stenotrophomonas_sp. CW117,2775920,0.7656967840735107,0.2833086013002664,555.0015499472219
Stenotrophomonas_sp. DR822,2871174,0.45941807044410643,0.1855792229216665,363.54969770354467
Stenotrophomonas_sp. ESTM1D_MKCIP4_1,2072414,1.786625829504851,0.5107281696639396,1000.5164843716578
Stenotrophomonas_sp. G4,2303750,0.40837161817253165,0.07693878109278778,150.72307216077124
Stenotrophomonas_sp. LM091,1904944,1.939765186319553,0.7074752343552726,1385.943984101979
Stenotrophomonas_sp. MYb57,1827305,0.5615109749872338,0.10315797116491111,202.08646551206087
Stenotrophomonas_sp. NA06056,2742129,0.8677896886166381,0.46570483309502486,912.3157680331537
Stenotrophomonas_sp. NY11291,2939415,0.5104645227156701,0.6316914049238809,1237.4834622458827
Stenotrophomonas_sp. Pemsol,2040586,0.6636038795303723,20.69707695705295,40545.573758866725
Stenotrophomonas_sp. SAU14A_NAIMI4_5,2072413,1.6845329249617125,0.2782027903579922,544.9992663113068
Stenotrophomonas_sp. SAU14A_NAIMI4_8,2072409,0.15313935681470214,0.0809000792650241,158.48325528018222
Stenotrophomonas_sp. SI-NJAU-1,2886359,0.2552322613578406,0.1689014469761074,330.8779346261944
Stenotrophomonas_sp. SPM,2170735,1.225114854517606,0.4447439540906535,871.2534060635902
Stenotrophomonas_sp. SXG-1,2682487,0.15313935681470214,0.5038325832976959,987.0080306801863
Stenotrophomonas_sp. WZN-1,2005046,1.3272077590607445,1.1406651892338975,2234.563105709205
Stenotrophomonas_sp. YAU14A_MKIMI4_1,2072408,0.6636038795303723,0.32673927652934537,640.0822427209876
Stenotrophomonas_sp. YAU14D1_LEIMI4_1,2072407,0.6125574272588086,0.26064444152300803,510.60246094357274
Stenotrophomonas_sp. ZAC14A_NAIMI4_1,2072412,0.7656967840735107,0.3215237085061821,629.8649449636108
Stenotrophomonas_sp. ZAC14D2_NAIMI4_6,2072406,1.5824400204185851,0.32400672995154683,634.7291839750802
Stenotrophomonas_sp. ZAC14D2_NAIMI4_7,2072405,0.6125574272588086,0.31839990721074474,623.745418225849
Stenotrophomonas_sp. pho,2211160,0.6125574272588086,26.483620238328747,51881.41204688601
Stenotrophomonas_terrae,405446,2.450229709035223,0.7453383605549667,1460.11784832718
Stomatobaculum_longum,796942,5.921388463501787,3.491286541487863,6839.430334774724
Streptococcus_acidominimus,1326,10.66870852475753,5.016509466057989,9827.3420440076
Streptococcus_agalactiae,1311,47.013782542113326,13776.919374154857,26988985.053969365
Streptococcus_anginosus,1328,58.09086268504339,2466.157939393105,4831203.403271093
Streptococcus_australis,113107,8.320571720265447,11.18385380042962,21909.169595041625
Streptococcus_azizii,1579424,7.86115364982134,3.2916895745913464,6448.419876624447
Streptococcus_bovimastitidis,1856638,4.900459418070446,0.8272431539709126,1620.569338629018
Streptococcus_canis,1329,20.571720265441552,26.868746617609492,52635.874623897
Streptococcus_chenjunshii,2173853,5.359877488514552,3.938981259869623,7716.464288084592
Streptococcus_constellatus,76860,37.7233282286881,307.2821876973938,601965.8056991944
Streptococcus_criceti,1333,5.97243491577335,1.7172187782163313,3364.031586525793
Streptococcus_cristatus,45634,34.09903011740683,51.67257775394104,101226.5798199705
Streptococcus_cuniculi,1432788,4.594180704441042,1.1374267934198123,2228.219088309412
Streptococcus_downei,1317,7.350689127105669,3.1481015933431626,6167.131021359256
Streptococcus_dysgalactiae,1334,36.957631444614606,160.53078615005418,314479.81006795616
Streptococcus_equi,1336,29.0454313425217,43.12990690143937,84491.48761991973
Streptococcus_equinus,1335,11.944869831546711,12.881922999906408,25235.687156816653
Streptococcus_ferus,1345,5.615109749872382,2.400474279387277,4702.529113319675
Streptococcus_gallolyticus,315405,17.457886676875955,39.60563642072359,77587.44174819751
Streptococcus_gordonii,1302,33.333333333333336,18.23263238497309,35717.72684216229
Streptococcus_gwangjuense,1433513,5.410923940786116,47.75233471079707,93546.82369845147
Streptococcus_halichoeri,254785,4.900459418070446,3.4583948601988657,6774.995531129578
Streptococcus_halotolerans,1814128,4.032669729453808,1.0137972628911691,1986.0288380038003
Streptococcus_henryi,439219,8.473711077080148,7.473209488710594,14640.017388384054
Streptococcus_himalayensis,1888195,7.912200102092903,3.4991521487345474,6854.839059370978
Streptococcus_hyointestinalis,1337,11.485451761102606,7.222973834086953,14149.80574097634
Streptococcus_ictaluri,380397,7.963246554364467,11.250931098483623,22040.574021929417
Streptococcus_ilei,1156431,7.554874936191935,5.110240911094652,10010.961944834424
Streptococcus_infantarius,102684,4.032669729453808,97.58743230123578,191173.7798781209
Streptococcus_infantis,68892,7.656967840735074,5.228435475576562,10242.505096654486
Streptococcus_iniae,1346,6.942317508933127,3.5098027729645502,6875.703632237554
Streptococcus_intermedius,1338,28.17764165390505,135.89709681722564,266222.41266494506
Streptococcus_koreensis,2382163,4.900459418070446,2.1722194066605365,4255.377817647991
Streptococcus_lactarius,684066,3.522205206738127,1.5119051100268077,2961.8221105425164
Streptococcus_lutetiensis,150055,6.942317508933127,43.18531363762653,84600.02941611037
Streptococcus_macacae,1339,9.443593670239913,4.4882336112955,8792.449644527884
Streptococcus_macedonicus,59310,2.143950995405819,3.9547728027252,7747.399920538666
Streptococcus_marmotae,1825069,9.647779479326191,6.517366740260157,12767.521444169648
Streptococcus_massiliensis,313439,14.905564063297605,19.0898720281299,37397.05930310647
Streptococcus_merionis,400065,7.963246554364467,2.2714943663988327,4449.857463775314
Streptococcus_milleri,33040,28.17764165390505,156.5900390231525,306759.8864463558
Streptococcus_mitis,28037,23.48136804492088,842.2062068761187,1649881.9592703166
Streptococcus_mutans,1309,15.3649821337417,14.876386688725855,29142.84152321395
Streptococcus_oralis,1303,28.79019908116386,149.61054073516726,293087.0493001927
Streptococcus_oriscaviae,2781599,5.768249106687085,1.1409150640254728,2235.052610425901
Streptococcus_pantholopis,1811193,6.584992343032159,1.887130603726463,3696.888852700141
Streptococcus_parasanguinis,1318,9.13731495661052,22.670076753115342,44410.680359352955
Streptococcus_parasuis,1501662,5.564063297600819,2.539349954197913,4974.586560273712
Streptococcus_parauberis,1348,7.197549770290967,4.102072051421047,8035.959148733831
Streptococcus_pasteurianus,197614,5.053598774885149,15.9329288570511,31212.607630963106
Streptococcus_penaeicida,1765960,2.7565084226646275,0.8866209596046851,1736.8904598655781
Streptococcus_periodonticum,2490633,31.75089331291475,434.89677587406555,851962.7839372944
Streptococcus_peroris,68891,7.810107197549765,5.42395230530186,10625.522566086343
Streptococcus_phocae,119224,3.2669729453802976,2.215888566367137,4340.925701513221
Streptococcus_pluranimalium,82348,11.434405308831042,14.231337495424205,27879.190153536016
Streptococcus_pneumoniae,1313,84.4818785094436,686.2134709564407,1344292.1896036672
Streptococcus_porcinus,1340,13.169984686064318,10.589290238899832,20744.41957800477
Streptococcus_pseudopneumoniae,257758,6.023481368044925,80.3789105015741,157462.28567258365
Streptococcus_pseudoporcinus,361101,28.586013272077594,1904.897595154887,3731694.388908424
Streptococcus_pyogenes,1314,47.524247064829,169.1191467745795,331304.40853140125
Streptococcus_ratti,1341,7.4527820316487965,3.790001503912408,7424.612946164407
Streptococcus_respiraculi,2021971,6.6360387953037225,1.7609172263298671,3449.6368463802096
Streptococcus_rubneri,1234680,3.93057682491067,1.7323926618814878,3393.7572246258346
Streptococcus_ruminantium,1917441,6.3808065339458935,7.326938204649655,14353.471942908674
Streptococcus_salivarius,1304,22.052067381317,35.33161102432485,69214.62599665238
Streptococcus_salivarius CAG:79,1263109,1.786625829504851,1.3005754053558671,2547.827219092144
Streptococcus_sanguinis,1305,16.079632465543646,10.923335023458947,21398.813310956077
Streptococcus_sinensis,176090,10.464522715671265,5.489841520039944,10754.59953775825
Streptococcus_sobrinus,1310,8.575803981623276,3.092846007193124,6058.88532809133
Streptococcus_sp. 'caviae',1915004,6.074527820316488,1.605662005614479,3145.4918689987644
Streptococcus_sp. 'group B',1319,6.278713629402755,483.46266537593976,947103.361471466
Streptococcus_sp. 116-D4,2598453,13.935681470137828,68.56417583664044,134317.22046397862
Streptococcus_sp. 1643,2576376,6.533945890760595,18.260277672342813,35771.88396011957
Streptococcus_sp. A12,1759399,7.044410413476266,3.5953866762718762,7043.362498816606
Streptococcus_sp. CNU 77-61,2684658,0.6636038795303723,2.1008294185194076,4115.52483087952
Streptococcus_sp. CNU G2,2686210,2.0929045431342552,2.845466250063548,5574.268383874491
Streptococcus_sp. CNU G3,2698804,2.7565084226646275,3.4226459732152485,6704.963461528672
Streptococcus_sp. DAT741,1940319,2.807554874936191,3.3083040880007517,6480.967708393473
Streptococcus_sp. DD10,1777878,8.473711077080148,7.7547480376642985,15191.551405784361
Streptococcus_sp. DD11,1777879,8.88208269525268,4.515788823802699,8846.430305829486
Streptococcus_sp. DD12,1777880,6.891271056661563,2.2299910893838417,4368.552544102946
Streptococcus_sp. DD13,1777881,4.69627360898418,1.5890301646596472,3112.9100925682487
Streptococcus_sp. F0442,999425,8.473711077080148,4.911982196259487,9622.573122472335
Streptococcus_sp. FDAARGOS_192,1839799,2.7565084226646275,1.872511757716333,3668.2505333662966
Streptococcus_sp. FDAARGOS_520,2420308,2.7565084226646275,407.2778476151447,797857.3034780684
Streptococcus_sp. FDAARGOS_521,2420309,18.427769270035732,982.0775398601235,1923889.9005859818
Streptococcus_sp. FDAARGOS_522,2420310,6.8402246043899995,1186.0550010997981,2323481.7471545045
Streptococcus_sp. HMSC034E03,1739309,9.698825931597755,40.58531565595646,79506.6333700187
Streptococcus_sp. HMSC067H01,1739491,8.933129147524244,25.74603850473274,50436.48943077144
Streptococcus_sp. HMSC070B10,1715092,7.248596222562531,58.36945099442999,114345.75449808835
Streptococcus_sp. HMSC071D03,1739341,7.759060745278202,43.913925670382966,86027.38038828023
Streptococcus_sp. HPH0090,1203590,3.3180193976518613,6.493368281103387,12720.508462681535
Streptococcus_sp. HSISM1,1316408,5.053598774885149,5.631595247022839,11032.295088917743
Streptococcus_sp. HSISS1,1316410,2.3481368044920847,24.331671866332208,47665.74518614479
Streptococcus_sp. HSISS2,1316411,5.155691679428276,2.4913012077543493,4880.45906599077
Streptococcus_sp. HSISS3,1316412,4.134762633996935,2.752808907678202,5392.752650141598
Streptococcus_sp. LPB0220,2610896,5.819295558958649,5.844200040530855,11448.787879399944
Streptococcus_sp. M334,563038,7.503828483920372,103.01554067150481,201807.44417547793
Streptococcus_sp. Marseille-Q3533,2759692,8.014293006636041,8.744138223646267,17129.76678012304
Streptococcus_sp. NCTC 11567,2583584,13.83358856559469,45.249927406722016,88644.60778976843
Streptococcus_sp. NLAE-zl-C503,1855327,4.900459418070446,9.669495353767585,18942.5413980307
Streptococcus_sp. NPS 308,1902136,5.615109749872382,6.628319609373777,12984.878114763229
Streptococcus_sp. NSJ-72,2763068,16.283818274629912,67.42095747351735,132077.65569062048
Streptococcus_sp. SK643,1095727,6.482899438489021,32.268475742076134,63213.94397872715
Streptococcus_sp. oral taxon 056,712620,7.810107197549765,4.031835609832675,7898.36595966221
Streptococcus_sp. oral taxon 058,712622,7.299642674834095,7.54416335891948,14779.016020123261
Streptococcus_sp. oral taxon 061,712623,6.942317508933127,10.675009103009108,20912.342832794842
Streptococcus_sp. oral taxon 064,712624,2.807554874936191,2.8200271506209913,5524.433188066522
Streptococcus_sp. oral taxon 431,712633,11.944869831546711,79.53262741355697,155804.4171031581
Streptococcus_sp. zg-86,2664091,5.053598774885149,1.0800543766952853,2115.826523946064
Streptococcus_suis,1307,40.275650842266465,56.7008835127531,111077.03080148333
Streptococcus_thermophilus,1308,30.57682491066871,116.30797297952414,227847.31906688778
Streptococcus_troglodytae,1111760,5.155691679428276,4.204980938013626,8237.557657568694
Streptococcus_uberis,1349,8.014293006636041,4.264880671055258,8354.901234597251
Streptococcus_urinalis,149016,15.313935681470136,29.046588709971413,56902.267282834
Streptococcus_varani,1608583,7.708014293006638,3.866156844045748,7573.80125748562
Streptococcus_vestibularis,1343,5.97243491577335,17.938411795946067,35141.348708258345
Streptomyces_abyssalis,933944,4.389994895354777,0.6222104674601987,1218.9103057545292
Streptomyces_acidiscabies,42234,18.37672281776417,1.329989919328849,2605.450251965215
Streptomyces_actuosus,1885,2.1949974476773826,0.28656768735502974,561.3860995285032
Streptomyces_agglomeratus,285458,2.450229709035223,0.27950590090979155,547.5520598822817
Streptomyces_aidingensis,910347,3.6753445635528292,0.3162254921018066,619.4857390274392
Streptomyces_albidoflavus,1886,0.5615109749872338,1.5184246866671913,2974.5939611810277
Streptomyces_albireticuli,1940,0.6125574272588086,0.08315727408346127,162.90509992950064
Streptomyces_alboflavus,67267,2.7054619703930527,0.31066830523573813,608.599209956811
Streptomyces_alboniger,132473,3.522205206738127,0.3694671578279162,723.7861621848879
Streptomyces_albulus,68570,2.0929045431342552,0.2469420193653695,483.75941593675884
Streptomyces_albus,1888,20.06125574272588,2.2532137132741026,4414.045664303967
Streptomyces_alfalfae,1642299,0.6636038795303723,0.08978293162612462,175.88476305557813
Streptomyces_alni,380248,2.654415518121489,0.4183547524427587,819.5569600353643
Streptomyces_ambofaciens,1889,2.3991832567636595,0.35666819485691986,698.712993724706
Streptomyces_amritsarensis,681158,0.5615109749872338,0.3539763264379351,693.4396234919149
Streptomyces_angustmyceticus,285578,2.3481368044920847,0.21923084058022277,429.4732166966564
Streptomyces_antibioticus,1890,1.8376722817764146,0.23218991507224257,454.8600436265232
Streptomyces_antimycoticus,68175,1.3782542113323082,0.298745103376412,585.2416575143911
Streptomyces_antioxidans,1507734,10.566615620214392,0.702444222526726,1376.0882319298562
Streptomyces_anulatus,1892,73.76212353241449,22.944944317017978,44949.145917038215
Streptomyces_aquilus,2548456,7.912200102092903,3.7412064746047884,7329.0234837507805
Streptomyces_armeniacus,83291,2.501276161306787,0.543587872062118,1064.8886413696891
Streptomyces_asoensis,249586,3.1138335885655954,0.25351200840835286,496.6300244719632
Streptomyces_atratus,1893,4.134762633996935,0.40988347817915627,802.9617337529671
Streptomyces_aurantiacus,47760,69.93363961204696,9.171494514495523,17966.957753896728
Streptomyces_auratus,114687,0.7146503318019359,0.02554782233945317,50.048183962988766
Streptomyces_aureoverticillatus,66871,2.6033690658499253,0.3165627418801713,620.1464113432556
Streptomyces_autolyticus,75293,0.7146503318019359,0.206932967669232,405.3816836640255
Streptomyces_avermitilis,33903,2.0929045431342552,0.15468824667714834,303.0342752405336
Streptomyces_avidinii,1895,3.7774374680959677,0.47820784091601565,936.8091603544747
Streptomyces_azureus,146537,1.1230219499744787,0.09689006003198489,189.80762760265839
Streptomyces_badius,1941,0.6636038795303723,0.10915145502500781,213.8277003939903
Streptomyces_bathyalis,2710756,2.0929045431342552,0.16212005162614526,317.5931811356186
Streptomyces_bingchenggensis,379067,4.389994895354777,0.45642760514629155,894.1416784815851
Streptomyces_bottropensis,42235,0.9188361408882129,0.1042760387574979,204.2767599259384
Streptomyces_broussonetiae,2686304,2.2460438999489574,0.23571034735524818,461.75657046893116
Streptomyces_bryophytorum,1436133,5.308831036242978,0.5046761856218025,988.6606476331111
Streptomyces_buecherae,2763006,7.656967840735074,2.432956995201018,4766.162753598795
Streptomyces_bungoensis,285568,1.2761613067891808,0.25845402690735625,506.3114387115109
Streptomyces_caatingaensis,1678637,4.389994895354777,0.6275568710310295,1229.383910349787
Streptomyces_cadmiisoli,2184053,3.9816232771822335,0.693140766455883,1357.8627614870747
Streptomyces_caelestis,36816,76.5696784073507,422.7283687858062,828124.8744513943
Streptomyces_caeruleatus,661399,4.7983665135273075,0.6772278542868067,1326.6893665478542
Streptomyces_cahuitamycinicus,2070367,0.6636038795303723,0.03813289626441487,74.70234378198873
Streptomyces_californicus,67351,0.8167432363450744,0.18547890046977086,363.3531660202811
Streptomyces_calvus,67282,1.9908116385911168,0.3672678307346223,719.4776804091251
Streptomyces_canus,58343,1.786625829504851,0.3641962394649436,713.4604331118245
Streptomyces_capitiformicae,2014920,12.608473711077083,0.9231690659905852,1808.4882002755564
Streptomyces_carminius,2665496,16.896375701888722,1.4926528648913737,2924.106962322201
Streptomyces_cattleya,29303,6.533945890760595,0.517833445385644,1014.4357195104767
Streptomyces_cavourensis,67258,2.297090352220521,0.3924233250001709,768.7572936753348
Streptomyces_cellostaticus,67285,2.5523226135783617,0.25483491706290323,499.22160252622746
Streptomyces_chartreusis,1969,8.524757529351712,0.6930386527718264,1357.662720780008
Streptomyces_chattanoogensis,66876,1.2761613067891808,0.18711860360527435,366.56534446273247
Streptomyces_chromofuscus,42881,1.225114854517606,0.08729261612689061,171.0062349925787
Streptomyces_cinereoruber,67260,0.5104645227156701,0.06691160943558956,131.07984288431996
Streptomyces_cinnamoneus,53446,1.5824400204185851,0.25638457971065676,502.25739165317657
Streptomyces_clavuligerus,1901,6.023481368044925,0.48114209989308226,942.5573736905482
Streptomyces_coelicoflavus,285562,1.0209290454313402,0.3916094175446832,767.1628489700344
Streptomyces_coelicolor,1902,0.5104645227156701,0.10447694707469252,204.67033931932264
Streptomyces_coeruleorubidus,116188,1.0209290454313402,0.06350001678794971,124.3965328875935
Streptomyces_collinus,42684,1.786625829504851,0.3587623854416131,702.81551308012
Streptomyces_colonosanans,1428652,1.3272077590607445,0.17364367827353705,340.1679657378591
Streptomyces_corchorusii,1903,0.45941807044410643,0.07201003772919182,141.06766391148676
Streptomyces_corynorhini,2282652,2.0418580908626804,0.15712264331811843,307.803258260194
Streptomyces_curacoi,146536,3.369065849923425,0.18340893321421364,359.29810016664453
Streptomyces_cyaneochromogenes,2496836,2.3991832567636595,0.25145463982799254,492.5996394230374
Streptomyces_cyaneogriseus,68192,3.4711587544665634,0.23724546349331713,464.7638629834083
Streptomyces_cyanogenus,80860,1.5824400204185851,0.201402251145824,394.5470099946692
Streptomyces_dangxiongensis,1442032,2.450229709035223,0.29003813695592484,568.1847102966568
Streptomyces_davaonensis,348043,1.5824400204185851,0.1506382045078555,295.10024263088894
Streptomyces_deccanensis,424188,1.7355793772332873,0.12856633541889204,251.86145108560947
Streptomyces_decoyicus,249567,1.1230219499744787,0.19301238835333057,378.11126878417457
Streptomyces_dengpaensis,2049881,1.3782542113323082,0.11495224621763488,225.19145034034673
Streptomyces_diacarni,2800381,1.0209290454313402,0.07790894173990308,152.62361686847012
Streptomyces_diastatochromogenes,42236,2.3481368044920847,0.3878977169986972,759.8916276004478
Streptomyces_dioscori,2109333,19.703930576824913,1.4198781461398984,2781.541288288061
Streptomyces_durmitorensis,319947,3.6753445635528292,0.4230288431871858,828.713503803697
Streptomyces_dysideae,909626,2.0418580908626804,0.14073793456246203,275.70561380786313
Streptomyces_eurocidicus,66423,1.9908116385911168,0.2573870811636674,504.22129199962444
Streptomyces_europaeiscabiei,146819,3.3180193976518613,0.34524700343631315,676.3388797317375
Streptomyces_exfoliatus,1905,1.6845329249617125,0.2775615586630946,543.7430934210024
Streptomyces_fagopyri,2662397,1.939765186319553,0.3337475783169268,653.8115059228596
Streptomyces_ferrugineus,1413221,1.9908116385911168,0.14212515850315383,278.42318550767834
Streptomyces_ficellus,1977088,3.4711587544665634,0.39108047649291405,766.1266534496186
Streptomyces_filamentosus,67294,7.044410413476266,0.468234989453614,917.2723443396299
Streptomyces_finlayi,67296,1.2761613067891808,0.18272836174941504,357.96486066710406
Streptomyces_fodineus,1904616,1.2761613067891808,0.38259194863986545,749.4976273854965
Streptomyces_formicae,1616117,11.128126595201637,1.0879238029965714,2131.2427300702834
Streptomyces_fradiae,1906,0.6636038795303723,0.2364425615312681,463.1909780397542
Streptomyces_fungicidicus,68203,0.8167432363450744,0.4138736406462785,810.7784620260596
Streptomyces_galilaeus,33899,4.287901990811638,0.5096036290786352,998.3135093650465
Streptomyces_gancidicus,68204,81.87850944359367,804.9642150411345,1576924.8972655823
Streptomyces_gardneri,66892,1.5824400204185851,5.661638154750826,11091.149145156869
Streptomyces_genisteinicus,2768068,5.564063297600819,0.3933163623156163,770.5067537762923
Streptomyces_gilvigriseus,1428644,3.011740684022457,0.3292606430604654,645.0215997554517
Streptomyces_gilvosporeus,553510,2.0418580908626804,0.18585443910065902,364.088846198191
Streptomyces_glaucescens,1907,1.3272077590607445,0.10615803928472328,207.9635989587729
Streptomyces_glauciniger,235986,4.389994895354777,0.5247022834759325,1027.8917733293517
Streptomyces_globisporus,1908,0.9698825931597765,0.3548181399763495,695.0887362136687
Streptomyces_globosus,68209,2.0929045431342552,0.18762746513402642,367.5622041975578
Streptomyces_gobiensis,2875706,2.0929045431342552,0.2842609312502994,556.8671643193366
Streptomyces_griseoaurantiacus,68213,0.20418580908626582,0.011322284054874274,22.180354463498702
Streptomyces_griseocarneus,51201,6.482899438489021,0.5081260989655657,995.4190278735432
Streptomyces_griseochromogenes,68214,1.3272077590607445,0.15993539377790633,313.3134364109185
Streptomyces_griseoflavus,35619,19.601837672281775,1.66685199242439,3265.3630531593803
Streptomyces_griseofuscus,146922,0.45941807044410643,0.05610868219980915,109.91690842942612
Streptomyces_griseorubens,66897,39.96937212863706,127.72142128905304,250206.2643052549
Streptomyces_griseoruber,1943,8.473711077080148,0.7947441851784673,1556.9038587646176
Streptomyces_griseorubiginosus,67304,2.3481368044920847,0.46509607658132174,911.1232140228093
Streptomyces_griseoviridis,45398,6.687085247575297,0.4710811676631019,922.8480074520165
Streptomyces_griseus,1911,4.594180704441042,0.4057701535108671,794.9037307277887
Streptomyces_guanduensis,310781,4.492087799897904,0.5716525723531949,1119.8673892399088
Streptomyces_harbinensis,1176198,2.654415518121489,0.3552469013595571,695.9286797633724
Streptomyces_hawaiiensis,67305,1.0209290454313402,0.06686774847705164,130.99391926654417
Streptomyces_himastatinicus,998084,1.1230219499744787,0.3237926379664526,634.3097777762806
Streptomyces_huasconensis,1854574,3.2669729453802976,0.22261041439419174,436.09380179822165
Streptomyces_hundungensis,1077946,1.2761613067891808,0.1339605578718606,262.4287328709749
Streptomyces_hygroscopicus,1912,3.7774374680959677,0.9865144017229225,1932.5817129752052
Streptomyces_incarnatus,665007,1.4803471158754467,0.5277436541996797,1033.8498185771725
Streptomyces_indicus,417292,1.8887187340479783,0.24262257325599196,475.29762100848825
Streptomyces_inhibens,2293571,1.786625829504851,0.17673927629692415,346.2322422656744
Streptomyces_ipomoeae,103232,28.432873915262892,2.3753663333062147,4653.342646946875
Streptomyces_jeddahensis,1716141,3.93057682491067,0.3525286822269207,690.6036884825377
Streptomyces_jietaisiensis,235987,0.6636038795303723,0.10240659253368542,200.61451477348973
Streptomyces_kanamyceticus,1967,3.011740684022457,0.5018278939742506,983.080844295557
Streptomyces_kanasensis,936756,0.05104645227156368,0.043413345535179164,85.04674390341599
Streptomyces_katrae,68223,10.056151097498722,0.6679802292168258,1308.5732690357618
Streptomyces_koyangensis,188770,4.134762633996935,0.44570057193494106,873.1274204205496
Streptomyces_laurentii,39478,6.6360387953037225,0.5173390461303035,1013.4671913692645
Streptomyces_lavendulae,1914,4.7983665135273075,0.36571024962543647,716.42637901623
Streptomyces_leeuwenhoekii,1437453,0.8167432363450744,0.04818914081127201,94.40252684928187
Streptomyces_liangshanensis,2717324,2.7054619703930527,0.3171039331404617,621.2066050221645
Streptomyces_liliifuscus,2797636,13.425216947422157,1.0915818670748396,2138.4088775996106
Streptomyces_lincolnensis,1915,5.666156202143946,0.4034909535162742,790.4387779383811
Streptomyces_lividans,1916,44.05308831036243,39.103989610833715,76604.71564762325
Streptomyces_longwoodensis,68231,2.143950995405819,0.45342192143418913,888.2535440895765
Streptomyces_lunaelactis,1535768,2.0929045431342552,0.22759034135682732,445.8494787180247
Streptomyces_luteoverticillatus,66425,1.8376722817764146,0.23872362637492334,467.6595840684748
Streptomyces_lydicamycinicus,1546107,0.9188361408882129,0.13540068718463616,265.24994619470226
Streptomyces_lydicus,47763,13.06789178152118,1.4413319873210722,2823.56936316198
Streptomyces_malaysiense,1428626,4.287901990811638,0.3870584058401927,758.2474170409374
Streptomyces_malaysiensis,92644,0.40837161817253165,0.0628269054623529,123.07790780074932
Streptomyces_mangrovisoli,1428628,4.492087799897904,0.3503154784742494,686.2680223310546
Streptomyces_marincola,2878388,10.056151097498722,0.8014606723953628,1570.0614572225156
Streptomyces_melanosporofaciens,67327,0.9188361408882129,0.05709641348326673,111.85187401371952
Streptomyces_microflavus,1919,1.8376722817764146,0.20933178555296245,410.08096789825345
Streptomyces_mirabilis,68239,0.40837161817253165,0.09275317545632476,181.70347071894022
Streptomyces_misionensis,67331,1.1230219499744787,0.07415306850192702,145.26586119527502
Streptomyces_mobaraensis,35621,1.8376722817764146,0.33393344882105797,654.1756262404525
Streptomyces_murinus,33900,0.35732516590096797,0.36267595948466697,710.4822046304625
Streptomyces_mutabilis,67332,2.7565084226646275,0.5793879898106274,1135.0210720390191
Streptomyces_natalensis,68242,2.9096477794793296,0.17802195069565482,348.7450014127878
Streptomyces_nigra,1827580,2.1949974476773826,0.1879034380381182,368.1028351166736
Streptomyces_nitrosporeus,28894,2.0418580908626804,0.12411720580408159,243.14560617019583
Streptomyces_niveus,193462,9.035222052067382,0.8760891848271324,1716.2587130763523
Streptomyces_nodosus,40318,2.3481368044920847,0.20340735790482817,398.47501413555835
Streptomyces_nojiriensis,66374,1.786625829504851,0.21229883482779946,415.89341742765913
Streptomyces_noursei,1971,0.6125574272588086,0.9940912050165799,1947.42467062748
Streptomyces_oceani,1075402,70.13782542113323,10.844590288424236,21244.55237502308
Streptomyces_olivaceus,47716,0.8167432363450744,0.09500933447255747,186.12328623174008
Streptomyces_olivochromogenes,1963,8.933129147524244,1.185818707552996,2323.0188480963193
Streptomyces_olivoreticuli,68246,1.8887187340479783,0.1780309305544005,348.7625929560706
Streptomyces_pactum,68249,4.185809086268499,0.2905507603607375,569.1889395466848
Streptomyces_paludis,2282738,2.6033690658499253,0.2582267732165138,505.86624873115056
Streptomyces_parvulus,146923,2.3481368044920847,0.2133160290184581,417.8861008471594
Streptomyces_paucisporeus,310782,1.786625829504851,0.1849839735829146,362.3836042489297
Streptomyces_peucetius,1950,1.8376722817764146,0.2899196343546968,567.9525637008511
Streptomyces_phaeolivaceus,2653200,11.128126595201637,0.795335287580229,1558.0618283696685
Streptomyces_phaeoluteigriseus,114686,5.002552322613574,0.31947492401866256,625.85137615256
Streptomyces_pini,1520580,1.3272077590607445,0.1750201935056467,342.8645590775619
Streptomyces_platensis,58346,2.5523226135783617,0.22539315538512691,441.54519139946365
Streptomyces_pluripotens,1355015,2.3991832567636595,0.3132193174790275,613.5966429414149
Streptomyces_populi,2058924,6.993363961204702,0.4338837668633806,849.9782992853626
Streptomyces_prasinopilosus,67344,1.429300663603883,0.17828352576905332,349.25742698157546
Streptomyces_prasinus,67345,0.9698825931597765,0.04332427518494,84.87225508729746
Streptomyces_pratensis,1169025,10.056151097498722,0.7180351159910787,1406.6307922265232
Streptomyces_pristinaespiralis,38300,1.4803471158754467,0.18167028180917302,355.8920820641699
Streptomyces_pseudovenezuelae,67350,2.3991832567636595,0.35820382919162447,701.7213013863924
Streptomyces_purpurogeneiscleroticus,68259,1.4803471158754467,0.4821886176675209,944.6075020106734
Streptomyces_qaidamensis,1783515,2.0418580908626804,0.13895833811506902,272.2193843674202
Streptomyces_qinglanensis,943816,6.431852986217457,0.4281043176948354,838.6563583641826
Streptomyces_qinzhouensis,2599401,4.492087799897904,0.326751611876553,640.1064076661673
Streptomyces_radiopugnans,403935,1.939765186319553,0.0983826029342778,192.7315191482502
Streptomyces_rapamycinicus,1226757,27.105666156202147,2.1594913841126453,4230.443621476672
Streptomyces_rectiverticillatus,173860,6.891271056661563,0.793628488743136,1554.7182094478032
Streptomyces_regalis,68262,45.380296069423174,4.155008704278121,8139.662051680838
Streptomyces_reniochalinae,2250578,1.5313935681470103,0.23546000977328407,461.2661591458635
Streptomyces_resistomycificus,67356,2.3991832567636595,0.3852672687260088,754.7385794342513
Streptomyces_rimosus,1927,7.044410413476266,0.8810534338061818,1725.9836768263103
Streptomyces_rochei,1928,0.20418580908626582,0.06361920000644417,124.63001281262413
Streptomyces_roseirectus,2768066,2.1949974476773826,0.18318185659727762,358.85325707406685
Streptomyces_roseochromogenus,285450,3.93057682491067,0.46461734522431114,910.1853792944255
Streptomyces_roseus,66430,1.6334864726901488,0.1434759683071689,281.0694219137439
Streptomyces_rubellomurinus,359131,5.410923940786116,0.627714832181738,1229.6933562440247
Streptomyces_rubidus,310780,4.0837161817253715,0.48624447114637376,952.5529189757461
Streptomyces_rubrolavendulae,285473,0.6636038795303723,0.08076818551614486,158.22487542612777
Streptomyces_rutgersensis,53451,1.786625829504851,0.1706414187637858,334.2865393582564
Streptomyces_sampsonii,42239,0.5104645227156701,0.19000763836646675,372.22496355990836
Streptomyces_scopuliridis,452529,3.522205206738127,0.27838568393787816,545.3575548343033
Streptomyces_seoulensis,73044,4.236855538540074,0.34782691874953936,681.3929338303476
Streptomyces_showdoensis,68268,3.3180193976518613,0.1921992304280063,376.51829240846433
Streptomyces_silvensis,1765722,45.58448187850944,3.9362961254691684,7711.204109794101
Streptomyces_sp. 11-1-2,1851167,0.6125574272588086,0.20712212136111868,405.7522357464315
Streptomyces_sp. 1331.2,1938835,4.69627360898418,0.40349462125010893,790.4459630289634
Streptomyces_sp. 135,2838850,1.8376722817764146,0.35597998811376613,697.3647967148679
Streptomyces_sp. 150FB,1576605,4.44104134762634,0.40369802749006434,790.8444358530361
Streptomyces_sp. 2114.2,1881022,0.7656967840735107,0.20004217553034004,391.88262186393615
Streptomyces_sp. 2323.1,1938841,7.86115364982134,0.6515434241985721,1276.3735680050029
Streptomyces_sp. 3025,2923272,1.0209290454313402,0.20823941201424126,407.94100813589864
Streptomyces_sp. 3211,1964449,0.40837161817253165,0.022406862955355388,43.8950445295412
Streptomyces_sp. 3213.3,1855348,2.450229709035223,0.43689988851617917,855.886881603195
Streptomyces_sp. 3214.6,1882757,36.70239918325676,3.6133528486561173,7078.558230517334
Streptomyces_sp. 46,1777322,1.1740684022460424,0.12102004300066554,237.0782642383038
Streptomyces_sp. 604F,1476754,0.2552322613578406,0.035672339935641534,69.88211393392176
Streptomyces_sp. 769,1262452,1.3272077590607445,0.14194781005336934,278.0757598945506
Streptomyces_sp. 891-h,2720714,1.9908116385911168,0.24608932569450748,482.0889890355401
Streptomyces_sp. A1-5,2738410,0.35732516590096797,0.038289112393555036,75.00837117897431
Streptomyces_sp. A10(2020),2782013,0.35732516590096797,0.6112538483178149,1197.4462888545995
Streptomyces_sp. A144,2871487,0.5615109749872338,0.11252299397648889,220.43254519994173
Streptomyces_sp. A2-16,2781734,2.143950995405819,0.25228716667853895,494.23055952325785
Streptomyces_sp. A244,2137016,0.7656967840735107,0.19301404041911852,378.1145051810532
Streptomyces_sp. ADI95-16,1522758,1.225114854517606,0.181637651328955,355.82815895342287
Streptomyces_sp. AMCC400023,2056258,0.2552322613578406,0.030242634765261695,59.24532150514766
Streptomyces_sp. AVP053U2,1737066,1.3782542113323082,0.1883031331284,368.8858377985356
Streptomyces_sp. AcE210,2292703,1.4803471158754467,0.3576960017336793,700.7264673962778
Streptomyces_sp. AcH 505,352211,4.69627360898418,1.6180011157806573,3169.6641858143075
Streptomyces_sp. Act143,2200760,5.104645227156713,0.5443796996273964,1066.4398315700696
Streptomyces_sp. Ag109_O5-10,1855349,2.1949974476773826,0.262513281052888,514.2635175826076
Streptomyces_sp. Ag82_G6-1,1938853,1.0209290454313402,0.0600783431405756,117.6934742123876
Streptomyces_sp. AgN23,1188315,0.7146503318019359,0.07172625424742254,140.51173207070076
Streptomyces_sp. BH-MK-02,2880933,2.9096477794793296,0.42825753815515333,838.9565172459454
Streptomyces_sp. BHT-5-2,2866715,1.9908116385911168,0.2287464467893425,448.114289260322
Streptomyces_sp. BJ20,2930049,2.450229709035223,0.24932963482772078,488.436754627505
Streptomyces_sp. BSE6.1,2605730,0.15313935681470214,0.014534471122118486,28.473028928230114
Streptomyces_sp. C,253839,6.023481368044925,1.2078059081178139,2366.091774002797
Streptomyces_sp. C8S0,2585716,4.389994895354777,0.3196726305429118,626.2386832335642
Streptomyces_sp. CA-210063,2801029,1.071975497702915,0.20389953686124293,399.4391927111749
Streptomyces_sp. CA-256286,2801033,0.20418580908626582,0.35629053767475805,697.973163304851
Streptomyces_sp. CB00271,2750025,0.9698825931597765,0.09388650952646778,183.92367216235039
Streptomyces_sp. CB00316,1703932,0.9698825931597765,0.04069081128760602,79.7132993124202
Streptomyces_sp. CB00455,1703927,5.870342011230223,0.4320823469454179,846.4493176660737
Streptomyces_sp. CB01201,2020324,1.7355793772332873,0.444611516415619,870.9939606581977
Streptomyces_sp. CB01373,2020325,1.2761613067891808,0.18272104243167667,357.9505221236546
Streptomyces_sp. CB01580,1703933,4.594180704441042,0.7176398084394568,1405.856384732896
Streptomyces_sp. CB01635,2020326,1.2761613067891808,0.21477788719734667,420.7498810196021
Streptomyces_sp. CB01881,2078691,19.499744767738648,1.5529129160759165,3042.1564025927205
Streptomyces_sp. CB02009,1703938,1.8376722817764146,0.23260580271169934,455.674767512219
Streptomyces_sp. CB02058,1703921,1.429300663603883,0.15058907112315126,295.0039903302533
Streptomyces_sp. CB02261,1703940,3.8284839203675314,0.3817002707013868,747.7508303040167
Streptomyces_sp. CB02366,1703935,1.225114854517606,0.0638862974915904,125.15325678602561
Streptomyces_sp. CB02414,1703922,6.584992343032159,0.6517091289116971,1276.6981835380145
Streptomyces_sp. CB02488,1703920,17.815211842776925,1.4639231026030068,2867.82535799929
Streptomyces_sp. CB02923,1718985,3.522205206738127,0.37765084377114533,739.8180029476737
Streptomyces_sp. CB02959,2020330,3.0627871362940318,0.49617259262935764,972.0021089609116
Streptomyces_sp. CB04723,2748873,1.8376722817764146,0.34714479855421154,680.0566603677004
Streptomyces_sp. CB09001,2083284,4.287901990811638,0.44397393925242684,869.7449469955042
Streptomyces_sp. CB09030,2913412,3.6242981112812656,0.48721132778022275,954.4469911214563
Streptomyces_sp. CCM_MD2014,1561022,1.225114854517606,0.08181144642490713,160.2686235463931
Streptomyces_sp. CFMR 7,1649184,0.6636038795303723,0.12446649651509861,243.8298666730782
Streptomyces_sp. CG 926,1882405,1.939765186319553,0.1670464023606386,327.243902224491
Streptomyces_sp. CLI2509,1984801,0.40837161817253165,0.16529025672443698,323.80361292317207
Streptomyces_sp. CMB-StM0423,2059884,2.5523226135783617,0.3346361734111805,655.5522637125026
Streptomyces_sp. CNQ-509,444103,2.0418580908626804,0.6281546197646501,1230.5549001189497
Streptomyces_sp. CRSS-Y-16,2906474,0.2552322613578406,0.050571903774529775,99.07035949430383
Streptomyces_sp. CS113,1982761,16.74323634507402,1.824092985371293,3573.398158342363
Streptomyces_sp. Caat 7-52,2949637,4.492087799897904,0.41993230906691303,822.6473934620826
Streptomyces_sp. CdTB01,1725411,3.164880040837159,0.40148527534392003,786.5096543987394
Streptomyces_sp. DH-12,2072509,1.2761613067891808,0.13015550136791876,254.97462717975287
Streptomyces_sp. DI166,1839783,1.939765186319553,0.24444514195923994,478.86803309815105
Streptomyces_sp. DSM 15324,1739111,1.4803471158754467,0.12307762966296118,241.10907650974096
Streptomyces_sp. DSM 40750,2801030,2.450229709035223,0.30682498043986906,601.0701366817035
Streptomyces_sp. DSM 40868,2721173,6.176620724859627,0.5851364906253395,1146.28238513504
Streptomyces_sp. DvalAA-14,1839759,30.015313935681466,2.095528817465887,4105.140953415672
Streptomyces_sp. DvalAA-43,1839762,4.389994895354777,0.6070756323232429,1189.2611637212328
Streptomyces_sp. EAS-AB2608,2779671,0.8167432363450744,0.24434182408092783,478.6656333745376
Streptomyces_sp. ERV7,1322334,6.533945890760595,0.6889111354281403,1349.5769143037269
Streptomyces_sp. F-3,1840095,1.8376722817764146,0.49645194914482954,972.5493683747211
Streptomyces_sp. FR-008,206662,0.6125574272588086,0.3882882427879197,760.6566676215347
Streptomyces_sp. FXJ1.172,710705,1.939765186319553,0.2765670174432592,541.7947871713448
Streptomyces_sp. G11C(2021),2841662,0.3062787136294043,0.08055368176249156,157.80466257272096
Streptomyces_sp. GBA 94-10,1218177,0.3062787136294043,1.1030550207243686,2160.884785599038
Streptomyces_sp. GF20,2692235,0.6125574272588086,1.0184347940451601,1995.1137615344685
Streptomyces_sp. GMY02,1333528,6.533945890760595,0.6646609183910134,1302.0707391279952
Streptomyces_sp. GQFP,2907545,73.40479836651352,12.12561470842514,23754.07921380485
Streptomyces_sp. GS7,2692234,8.779989790709541,0.6881799295679026,1348.1444820235213
Streptomyces_sp. Go-475,2072505,1.5313935681470103,0.16579143376310193,324.78541874191666
Streptomyces_sp. Go40/10,2825844,2.9096477794793296,0.3288127578170352,644.1441925635719
Streptomyces_sp. HF10,2692233,2.7565084226646275,0.6215442804510664,1217.605245403639
Streptomyces_sp. HGB0020,1078086,1.1230219499744787,0.25037706807076154,490.48867635062186
Streptomyces_sp. HM190,2695266,1.3782542113323082,0.09688708877720768,189.80180691454984
Streptomyces_sp. HNA39,2850561,0.7656967840735107,0.04648910412436455,91.07215497963016
Streptomyces_sp. HP-A2021,2927875,7.656967840735074,0.8986670869643041,1760.4888233630718
Streptomyces_sp. HSG2,2797167,1.6334864726901488,0.23738538139483306,465.037962152478
Streptomyces_sp. HU2014,2939414,0.35732516590096797,0.05496151394978736,107.66960582763345
Streptomyces_sp. ICBB 8177,563922,2.0418580908626804,0.24843379773873264,486.68180977017727
Streptomyces_sp. ICC4,2099584,0.10209290454313846,0.09447628279480949,185.0790379950318
Streptomyces_sp. ID38640,1265399,0.9698825931597765,0.25435573786199,498.28289047163844
Streptomyces_sp. IMTB 2501,1776340,2.6033690658499253,0.36548581910975225,715.9867196360046
Streptomyces_sp. INR7,2607753,2.3481368044920847,0.2986962179681017,585.1458909995113
Streptomyces_sp. JB150,2714844,2.143950995405819,0.20349686133148942,398.6503513483878
Streptomyces_sp. KPB2,2305221,0.8677896886166381,0.2495491221016623,488.86673019715647
Streptomyces_sp. LBUM 1475,2609807,0.15313935681470214,0.05433973417363552,106.451539246152
Streptomyces_sp. LBUM 1480,2609808,0.05104645227156368,0.004904596330655395,9.608104211753918
Streptomyces_sp. LRE541,2931983,8.014293006636041,0.765276029602229,1499.1757419907665
Streptomyces_sp. LamerLS-316,1157630,1.429300663603883,0.12054338059445939,236.14448258454595
Streptomyces_sp. M2,646637,0.10209290454313846,0.01321676569945017,25.891644005222883
Streptomyces_sp. M41(2017),1955065,6.584992343032159,0.4925389546924655,964.8838122425399
Streptomyces_sp. M54,2759525,0.45941807044410643,0.0890908248718852,174.5289259240231
Streptomyces_sp. M56,1495638,1.071975497702915,0.11953423980208028,234.16757577227526
Streptomyces_sp. MA3_2.13,2867410,2.2460438999489574,0.30607494205383984,599.6008114834723
Streptomyces_sp. MBT27,1488356,4.236855538540074,0.3479942487726384,681.7207333455987
Streptomyces_sp. MG28,2865673,8.677896886166414,0.8104457701798153,1587.6632637822584
Streptomyces_sp. MMG1121,1415544,42.930066360387954,5.22135074439506,10228.626108269924
Streptomyces_sp. MMG1533,1415546,1.6845329249617125,0.18260551399095606,357.7242019082829
Streptomyces_sp. MOE7,1961713,0.45941807044410643,0.02689835799191317,52.6938833061579
Streptomyces_sp. MP131-18,1857892,4.389994895354777,0.5692224864083629,1115.106850873983
Streptomyces_sp. MRC013,2898276,1.429300663603883,0.10119413805666938,198.2393164530153
Streptomyces_sp. MST-110588,2833628,2.2460438999489574,0.26871912588184743,526.4207676025392
Streptomyces_sp. Mg1,465541,1.3272077590607445,0.23250843142121858,455.4840171541672
Streptomyces_sp. MnatMP-M17,1839780,1.5824400204185851,0.16012362532886756,313.68218201925157
Streptomyces_sp. NA02536,2742133,73.40479836651352,26.27192822115916,51466.7073852508
Streptomyces_sp. NA02950,2742137,3.164880040837159,0.25186013594068846,493.3940063078087
Streptomyces_sp. NA03103,2742134,0.10209290454313846,0.007644992866417953,14.97654102531277
Streptomyces_sp. NA04227,2742136,2.9606942317508933,0.5037973591848401,986.9390266431018
Streptomyces_sp. NBC00162,2801031,11.587544665645733,0.8159208537182409,1598.3889524340339
Streptomyces_sp. NBU3104,2911367,0.40837161817253165,0.143899347933717,281.8988226021516
Streptomyces_sp. NEAU-S7GS2,2202000,0.7656967840735107,0.0553373927078974,108.405952314771
Streptomyces_sp. NEAU-sy36,2751189,4.95150587034201,0.5190120315917938,1016.744569888324
Streptomyces_sp. NHF165,2175864,4.492087799897904,0.5910061426328097,1157.7810334176743
Streptomyces_sp. NRRL B-1140,1415549,1.0209290454313402,0.16364917123293976,320.588726445329
Streptomyces_sp. NRRL B-3648,1519493,1.4803471158754467,0.11864376107380283,232.42312794357974
Streptomyces_sp. NRRL F-4489,1609095,3.2669729453802976,0.2467193615960532,483.3232293666682
Streptomyces_sp. NRRL S-4,1519471,1.071975497702915,0.09201390468556452,180.25523927902088
Streptomyces_sp. NRRL WC-3618,1519490,1.6845329249617125,0.20618370995319432,403.91388779830766
Streptomyces_sp. NTH33,1735453,3.0627871362940318,0.3452832247487384,676.4098372827785
Streptomyces_sp. NWU339,2185284,2.654415518121489,0.36493525910112473,714.9081725791034
Streptomyces_sp. OUCMDZ-3434,1535304,0.3062787136294043,0.107486454737489,210.56596483074094
Streptomyces_sp. P3,2135430,1.0209290454313402,0.1438247015813924,281.7525903979477
Streptomyces_sp. PAMC 26508,1265601,0.40837161817253165,0.05148104643381339,100.85136996384043
Streptomyces_sp. PBH53,1577075,0.5615109749872338,0.24039209449399573,470.92811311373765
Streptomyces_sp. PCS3-D2,1460244,8.167432363450743,0.6585370473911204,1290.0740758392049
Streptomyces_sp. PLM4,2929798,0.6125574272588086,0.253986644180251,497.5598359491118
Streptomyces_sp. PT12,1510197,3.9816232771822335,0.5908392464186227,1157.454083734082
Streptomyces_sp. PVA_94-07,1225337,0.15313935681470214,0.014752890879633522,28.90091323320207
Streptomyces_sp. PsTaAH-130,1305828,0.5104645227156701,0.04450672333286994,87.1886710090922
Streptomyces_sp. PsTaAH-137,1305830,2.807554874936191,0.4035667885021326,790.5873386756778
Streptomyces_sp. QHH-9511,2684468,4.389994895354777,0.6522851301567006,1277.8265699769765
Streptomyces_sp. QL37,2093747,1.4803471158754467,0.1284282487717539,251.5909393438659
Streptomyces_sp. R527F,1664033,1.7355793772332873,0.3301333194852741,646.7311728716519
Streptomyces_sp. RLB1-33,2721243,0.35732516590096797,0.03339646790626902,65.423680628381
Streptomyces_sp. RLB3-17,2594455,0.8167432363450744,0.2450705687786403,480.0932442373564
Streptomyces_sp. RLB3-6,2594457,0.10209290454313846,0.1334058834021941,261.3421255848982
Streptomyces_sp. RPA4-2,2721244,1.786625829504851,0.161772496582029,316.9123208041948
Streptomyces_sp. RPA4-5,2721245,1.1230219499744787,0.35114082828263543,687.8848826056828
Streptomyces_sp. RTd22,1841249,0.8167432363450744,0.15479299926190201,303.23948555406605
Streptomyces_sp. Rer75,2750011,1.9908116385911168,0.1850016544249976,362.4182410185703
Streptomyces_sp. RerS4,2942449,4.0837161817253715,0.3638921972686986,712.8648144493806
Streptomyces_sp. Root264,1736503,2.297090352220521,0.33351980157584427,653.3652912870789
Streptomyces_sp. Root431,1736535,0.9188361408882129,0.07554828594452695,147.9990921653283
Streptomyces_sp. Ru71,2080746,4.900459418070446,0.5757696284041777,1127.932702043784
Streptomyces_sp. Ru72,2080747,2.9096477794793296,0.1807500734810985,354.08939394947197
Streptomyces_sp. Ru73,2080748,5.717202654415521,0.8119815813262065,1590.6719178180385
Streptomyces_sp. Ru87,2044307,3.164880040837159,0.28926510291754465,566.67033661547
Streptomyces_sp. S063,2005885,0.35732516590096797,0.5795713799577396,1135.3803333372118
Streptomyces_sp. S1A1-7,2594459,0.40837161817253165,0.09724613437953163,190.50517724950245
Streptomyces_sp. S1D4-11,2721246,41.347626339969366,6.7473550709496815,13218.068583990425
Streptomyces_sp. S1D4-20,2594462,0.45941807044410643,0.3050294850108559,597.5527611362668
Streptomyces_sp. S1D4-23,2594463,0.3062787136294043,0.40546426535817326,794.3044958366614
Streptomyces_sp. S4.7,2705439,1.5824400204185851,0.32424835048017675,635.2025185906663
Streptomyces_sp. S501,2420135,0.40837161817253165,0.11033091523824386,216.13826295171972
Streptomyces_sp. S8,1837283,2.450229709035223,0.2027605894732965,397.20799477818787
Streptomyces_sp. SA15,934019,1.786625829504851,0.43275804463061157,847.7730094313681
Streptomyces_sp. SAT1,1849967,2.7054619703930527,0.2735331130360196,535.8513684375624
Streptomyces_sp. SCUT-3,2684469,3.726391015824404,0.9017616102846205,1766.5509945475717
Streptomyces_sp. SDr-06,2267702,15.007656967840733,1.2711730090600881,2490.2279247487127
Streptomyces_sp. SGAir0924,2109593,0.40837161817253165,0.06398729075172979,125.35110258263867
Streptomyces_sp. SM17,565560,0.3062787136294043,0.3563032609643563,697.9980882291741
Streptomyces_sp. SM18,1736046,4.032669729453808,0.27172770348541153,532.3145711279212
Streptomyces_sp. SN-593,659352,3.879530372639106,0.44389250814757614,869.5854234611016
Streptomyces_sp. SPB074,465543,1.939765186319553,0.3302965153712914,647.0508736123599
Streptomyces_sp. SS52,2563602,0.5615109749872338,0.22718339730716444,445.05227532473515
Streptomyces_sp. ST1015,1848900,4.44104134762634,1.096398578379842,2147.8448150461104
Streptomyces_sp. ST13-2-2,2879846,3.879530372639106,0.5029405715249851,985.2605796174457
Streptomyces_sp. ST5x,2100817,13.578356304236861,0.9260907389697192,1814.21175764168
Streptomyces_sp. SUK 48,2582831,0.6636038795303723,0.082986150953185,162.5698697172894
Streptomyces_sp. SYP-A7193,2662065,1.7355793772332873,0.15491330926486152,303.4751728498637
Streptomyces_sp. Sge12,1972846,0.9698825931597765,0.10866211490816648,212.86908310509813
Streptomyces_sp. SirexAA-E,862751,1.786625829504851,0.21525199734323944,421.67866279540607
Streptomyces_sp. So13.3,2136173,5.717202654415521,0.6019716368478056,1179.2624365848512
Streptomyces_sp. SolWspMP-5a-2,1838281,2.143950995405819,0.16480186177871653,322.84684722450567
Streptomyces_sp. TLI_105,1881019,8.422664624808574,0.6257374139793204,1225.8195939854886
Streptomyces_sp. TLI_146,1938858,8.524757529351712,0.9313986669200052,1824.60998849629
Streptomyces_sp. TLI_235,1938860,16.028586013272072,1.398558368578747,2739.7758440457656
Streptomyces_sp. TN58,234612,1.5824400204185851,0.09063648774241702,177.55687948739495
Streptomyces_sp. TSRI0107,1703942,2.3481368044920847,0.16951770204769762,332.0851783114396
Streptomyces_sp. TSRI0281,1718998,14.5992853496682,1.1032156810251403,2161.19951912825
Streptomyces_sp. Tu 2975,2676871,3.3180193976518613,0.28203233527026567,552.5013447944505
Streptomyces_sp. Tu6071,355249,0.7656967840735107,0.22898151338917497,448.57478472939374
Streptomyces_sp. Tue 6075,1661694,1.071975497702915,0.08151368375547617,159.68530647697781
Streptomyces_sp. Tue6028,2036037,2.0418580908626804,0.3239078704736425,634.5355182578656
Streptomyces_sp. V17-9,2831149,0.20418580908626582,0.047366029847427944,92.79005247111134
Streptomyces_sp. V2,1424099,1.071975497702915,0.188752741042716,369.76661970268066
Streptomyces_sp. VMFN-G11Ma,2135609,0.35732516590096797,0.11025417805082013,215.98793480155663
Streptomyces_sp. VN1,1821625,0.35732516590096797,0.04985847854147819,97.67275946275578
Streptomyces_sp. W1SF4,2305220,8.831036242981117,1.3189739441846562,2583.8699566577416
Streptomyces_sp. WA1-19,2884220,1.1740684022460424,0.17430633412112242,341.46610854327884
Streptomyces_sp. WA6-1-16,2879427,1.071975497702915,0.28738352752957574,562.9843304304388
Streptomyces_sp. WAC 01438,2203204,6.176620724859627,0.7121794197376433,1395.1594832660433
Streptomyces_sp. WAC 01529,2203205,3.2669729453802976,0.2125649087297442,416.4146562015689
Streptomyces_sp. WAC 06738,2203210,1.071975497702915,0.4109238916926482,804.9999038258978
Streptomyces_sp. WAC00288,2094021,0.6636038795303723,0.1230766822828595,241.10722059212176
Streptomyces_sp. WAC00303,2933779,1.4803471158754467,0.19134239409374038,374.8397500296374
Streptomyces_sp. WM4235,1415551,3.1138335885655954,0.2857973978334518,559.8771023557321
Streptomyces_sp. WM6372,1415555,2.143950995405819,0.3224110496220951,631.6032462096844
Streptomyces_sp. WM6378,1415557,5.564063297600819,0.5240479328652349,1026.609900482995
Streptomyces_sp. WM6386,1415558,1.939765186319553,0.20384680372003544,399.3358884875494
Streptomyces_sp. WMMB 322,1286821,2.2460438999489574,0.21659815448778266,424.3157846415662
Streptomyces_sp. WMMB 714,1286822,2.5523226135783617,0.377411743526609,739.349605568627
Streptomyces_sp. WY228,2855836,1.4803471158754467,0.17078911888475837,334.57588389524165
Streptomyces_sp. WZ.A104,2023771,1.5824400204185851,0.6751456055404402,1322.6102412537225
Streptomyces_sp. XC 2026,2782004,0.6636038795303723,0.05155824173442372,101.00259555773607
Streptomyces_sp. XY006,2021410,11.689637570188872,1.115424804779061,2185.11719256218
Streptomyces_sp. YIM 121038,2136401,2.501276161306787,0.2805546124954122,549.6064858785124
Streptomyces_sp. YPW6,2840373,2.5523226135783617,0.28714120406368354,562.5096187607561
Streptomyces_sp. Z423-1,2730915,2.7054619703930527,0.22525517663135408,441.2748910208226
Streptomyces_sp. cf124,1761903,0.6125574272588086,0.15379876770396067,301.29178593205893
Streptomyces_sp. cf386,1761904,11.0260336906585,0.836002171599801,1637.72825416401
Streptomyces_sp. e14,645465,1.786625829504851,0.13690761010058664,268.2020081870492
Streptomyces_sp. endophyte_N2,2153485,0.40837161817253165,0.0665655528391646,130.40191801192344
Streptomyces_sp. fd1-xmd,1812480,0.45941807044410643,0.08895142984768634,174.25585107161754
Streptomyces_sp. jing01,2726118,23.99183256763655,2.518541925241004,4933.823631547127
Streptomyces_sp. yr375,1761906,2.6033690658499253,0.2317743400616797,454.04593218083056
Streptomyces_sparsogenes,67365,4.7983665135273075,0.3920404478618726,768.0072373614084
Streptomyces_spectabilis,68270,18.836140888208273,1.4618246060359426,2863.7144032244114
Streptomyces_spongiicola,1690221,4.389994895354777,1.0503964236277428,2057.726593886748
Streptomyces_stelliscabiei,146820,2.0418580908626804,0.2555286848434724,500.5806936083625
Streptomyces_subrutilus,36818,3.726391015824404,0.35120874161196025,688.0179248178301
Streptomyces_swartbergensis,487165,1.0209290454313402,0.09468041685842786,185.47893662566017
Streptomyces_tateyamensis,565073,6.329760081674318,0.7270263230627241,1424.2445668798764
Streptomyces_tendae,1932,1.3272077590607445,0.2053205508738229,402.22295916181906
Streptomyces_thermocarboxydus,59299,1.1740684022460424,0.16709448268549562,327.33809158088593
Streptomyces_thermolilacinus,285540,1.7355793772332873,0.31446462207595793,616.0361946468016
Streptomyces_tirandamycinicus,2174846,8.37161817253701,0.6282409210997849,1230.7239644344786
Streptomyces_toyocaensis,55952,7.197549770290967,0.4920183322883839,963.863912952944
Streptomyces_triticagri,2293568,4.7983665135273075,0.7601401302246957,1489.114515110179
Streptomyces_tsukubensis,83656,20.265441551812145,1.56140884265854,3058.79992276808
Streptomyces_tuirus,68278,0.8677896886166381,0.09803399817805582,192.04860243081134
Streptomyces_turgidiscabies,85558,73.66003062787136,12.10299704624217,23709.77121358841
Streptomyces_uncialis,1048205,43.74680959673303,5.6224287776604385,11014.3379754368
Streptomyces_variegatus,284040,0.7146503318019359,0.1249064776126267,244.6917896431357
Streptomyces_varsoviensis,67373,76.41653905053599,44.1662171311157,86521.61935985566
Streptomyces_venezuelae,54571,40.32669729453803,5.3506726800293345,10481.967780177467
Streptomyces_vietnamensis,362257,3.93057682491067,0.28996831828363134,568.0479355176338
Streptomyces_vinaceus,1960,1.5313935681470103,0.32763042545892596,641.828003474036
Streptomyces_violaceoruber,1935,0.35732516590096797,0.08431990104694727,165.1826861509697
Streptomyces_violaceusniger,68280,2.297090352220521,0.18382657058280474,360.1162517717145
Streptomyces_violascens,67381,0.2552322613578406,0.5563381023144554,1089.866342434018
Streptomyces_virginiae,1961,1.071975497702915,0.22320953946226774,437.2674878065825
Streptomyces_viridifaciens,48665,22.664624808575805,1.884487449156034,3691.7109128966704
Streptomyces_viridochromogenes,1938,1.939765186319553,0.14253996475296593,279.23579095106027
Streptomyces_viridosporus,67581,1.2761613067891808,0.14378741115275098,281.67953844823916
Streptomyces_vitaminophilus,76728,2.3481368044920847,0.2450503023100031,480.0535422252961
Streptomyces_wadayamensis,141454,0.20418580908626582,0.8744671433874932,1713.0811338960991
Streptomyces_wuyuanensis,1196353,2.501276161306787,0.303812000130579,595.1677082558043
Streptomyces_xanthii,2768069,2.9096477794793296,0.24869433800375942,487.1922081493647
Streptomyces_xiamenensis,408015,0.7656967840735107,0.2284305437852264,447.4954352752585
Streptomyces_xinghaiensis,1038928,7.044410413476266,0.6163317286552147,1207.3938564355656
Streptomyces_yanglinensis,310779,3.522205206738127,0.501448962337611,982.33851721938
Streptomyces_yangpuensis,1648182,2.450229709035223,0.21299700936810834,417.26114135212424
Streptomyces_yatensis,155177,0.7656967840735107,0.17067928327582474,334.3607159373407
Streptomyces_yokosukanensis,67386,47.37110770801429,3.9491208539242892,7736.327752837683
Streptomyces_zhaozhouensis,1300267,6.023481368044925,1.0837979630040677,2123.1602095249686
Streptomyces_zinciresistens,1073330,6.176620724859627,0.6967422352068068,1364.9180387701344
Tannerella_Bacteroidales bacterium KA00251,1497953,14.037774374680955,77.83407347007243,152476.94992787187
Tannerella_forsythia,28112,7.044410413476266,28.86534695869169,56547.21469207702
Tannerella_serpentiformis,712710,3.8284839203675314,0.5572218035628063,1091.5975131795374
Tannerella_sp. oral taxon 808,712711,3.726391015824404,0.7255764389284853,1421.4042438609029
Treponema_berlinense,225004,3.8284839203675314,0.7701086732409897,1508.642890879099
Treponema_brennaborense,81028,2.9096477794793296,0.38797613694814975,760.0452522814254
Treponema_bryantii,163,5.666156202143946,1.6290099166962324,3191.2304268079192
Treponema_denticola,158,9.545686574783051,18.799928393121736,36829.05972212548
Treponema_lecithinolyticum,53418,3.369065849923425,5.642893462142777,11054.428292337701
Treponema_maltophilum,51160,5.053598774885149,2.3531087859714046,4609.740111717982
Treponema_medium,58231,1.5824400204185851,5.084375470362038,9960.291546439232
Treponema_pallidum,160,7.299642674834095,1.2571541339705692,2462.764948448345
Treponema_parvum,138851,5.819295558958649,1.592746364864552,3120.1901287696573
Treponema_pedis,409322,7.4527820316487965,2.9036948657268757,5688.33824195895
Treponema_peruense,2787628,9.035222052067382,4.092387875015193,8016.987847154764
Treponema_phagedenis,162,12.149055640632977,5.912938828336062,11583.447164710346
Treponema_porcinum,261392,2.858601327207755,0.9048408739177298,1772.5832720048327
Treponema_primitia,88058,2.807554874936191,0.3095265712348406,606.3625530490527
Treponema_putidum,221027,3.4201123021949997,1.1255436803937104,2204.9400698912787
Treponema_saccharophilum,165,1.5824400204185851,0.1175822736803517,230.343674139809
Treponema_socranskii,53419,76.36549259826441,31.35282171129304,61420.177732423064
Treponema_sp. B152,2749432,0.2552322613578406,0.3061501359847742,599.7481163941726
Treponema_sp. CETP13,1908540,2.3991832567636595,0.1794840185876255,351.6091924131583
Treponema_sp. JC4,1124982,4.389994895354777,0.8394241928689876,1644.4319938303468
Treponema_sp. Marseille-Q4132,2766701,4.3389484430832015,2.799863641440512,5484.932873581963
Treponema_sp. OMZ 305,1659192,1.071975497702915,3.1888966567311887,6247.048550536399
Treponema_sp. OMZ 787,2563669,2.5523226135783617,0.6982794664062514,1367.9294746898465
Treponema_sp. OMZ 788,2563664,0.6636038795303723,0.14312195124978935,280.3759024983373
Treponema_sp. OMZ 799,2563668,1.1230219499744787,0.24890642047554654,487.60767771159567
Treponema_sp. OMZ 803,120682,0.6636038795303723,2.9815457321782195,5840.848089337132
Treponema_sp. OMZ 838,1539298,2.858601327207755,2.473608758475579,4845.799557853659
Treponema_sp. OMZ 855,1643512,0.5615109749872338,0.8959099361533605,1755.087564924433
Treponema_sp. OMZ 857,1643513,0.8677896886166381,1.220362080041284,2390.6893148008753
Treponema_sp. OMZ 906,2563662,0.8677896886166381,3.0203011790968444,5916.770009850718
Treponema_succinifaciens,167,6.176620724859627,2.1434315957543744,4198.982496082819
Treponema_vincentii,69710,5.564063297600819,7.524390374925166,14740.2807444784
Trichomonas_vaginalis,5722,79.32618683001532,115.89255839002112,227033.52188605137
Trueperella_bernardiae,59561,9.443593670239913,9.486587570923103,18584.22505143836
Trueperella_bialowiezensis,312285,4.645227156712606,0.9563290846785356,1873.4486768852512
Trueperella_pecoris,2733571,9.035222052067382,3.7772289224596243,7399.591459098404
Trueperella_pyogenes,1661,9.954058192955594,4.896791811064412,9592.815157875184
Ureaplasma_diversum,42094,2.9606942317508933,0.736119255808643,1442.0576221291317
Ureaplasma_parvum,134821,37.8764675855028,347.7419042172237,681226.3903615412
Ureaplasma_urealyticum,2130,24.196018376722815,77.40132252678183,151629.1908299656
Varibaculum_cambriense,184870,36.44716692189893,112.75294493106938,220883.0191199649
Varibaculum_prostatecancerukia,2811781,30.21949974476774,196.56938875259465,385079.4325663329
Variovorax_boronicumulans,436515,8.116385911179169,2.3548855019460033,4613.2206983122205
Variovorax_paradoxus,34073,50.740173557937716,21.589059235107392,42292.96704157538
Variovorax_sp. 38R,2774875,16.436957631444614,2.6772759989111674,5244.783681866977
Variovorax_sp. 770b2,1566271,75.19142419601837,23.245881470231236,45538.68180018299
Variovorax_sp. CF079,1882774,20.67381316998469,3.260613482345507,6387.541811914848
Variovorax_sp. EL159,1566270,18.37672281776417,2.5648545886502334,5024.550139165807
Variovorax_sp. HW608,1034889,23.685553854007146,3.572471616182572,6998.471896101658
Variovorax_sp. JS1663,1851577,25.72741194486983,5.506865157391282,10787.948843329521
Variovorax_sp. OV329,1882825,30.21949974476774,4.932336740258334,9662.447674166076
Variovorax_sp. OV700,1882826,56.202143950995406,7.340704012186817,14380.439159873973
Variovorax_sp. PAMC 28711,1795631,19.39765186319551,3.2418585809537115,6350.800960088321
Variovorax_sp. PAMC26660,2762322,14.650331801939764,2.348538035290415,4600.786011133923
Variovorax_sp. PAMC28562,2762323,11.383358856559466,1.740619473299872,3409.8735481944495
Variovorax_sp. PBL-E5,434014,5.870342011230223,3.5731243415570355,6999.750585110232
Variovorax_sp. PBL-H6,434009,17.66207248596222,3.9188222416361826,7676.972771365282
Variovorax_sp. PBS-H4,434008,17.815211842776925,2.404829801217678,4711.061580585431
Variovorax_sp. PDNC026,2811425,0.5104645227156701,1.6572967725456431,3246.6443774169147
Variovorax_sp. PMC12,2126319,0.20418580908626582,0.18039530827739617,353.3944089154191
Variovorax_sp. RA8,662548,13.83358856559469,2.303082168690035,4511.737968463779
Variovorax_sp. RKNM96,2681552,14.85451761102603,2.09879639247016,4111.542132849044
Variovorax_sp. Root318D1,1736513,6.584992343032159,1.0412996429075758,2039.906000455941
Variovorax_sp. Root473,1736541,59.21388463501786,9.888821688170982,19372.20168712695
Variovorax_sp. SRS16,282217,5.870342011230223,2.289718039251912,4485.5576388944955
Variovorax_sp. WDL1,207745,73.96630934150078,21.92940264768761,42959.69978682003
Variovorax_sp. WS11,1105204,20.571720265441552,3.065871968620419,6006.0431865274
Variovorax_sp. YR216,1882828,20.163348647269018,3.3976931475288827,6656.080876009081
Veillonella_atypica,39777,20.67381316998469,48.607645833729826,95222.37818827674
Veillonella_criceti,103891,9.647779479326191,5.243387221019796,10271.79556597778
Veillonella_denticariosi,419208,7.146503318019393,3.8578298327355522,7557.488642328947
Veillonella_dispar,39778,8.014293006636041,6.3045447854909495,12350.60323477677
Veillonella_infantium,1911679,7.401735579377233,5.696969057633911,11160.362383904832
Veillonella_montpellierensis,187328,27.565084226646253,381.36104921773494,747086.2954175428
Veillonella_nakazawae,2682456,4.69627360898418,3.2682514550326394,6402.504600408941
Veillonella_parvula,29466,25.01276161306789,617.9579439119258,1210579.6121234626
Veillonella_rodentium,248315,8.677896886166414,7.773798493956166,15228.87124966013
Veillonella_rogosae,423477,9.035222052067382,5.414689996625384,10607.377703389127
Veillonella_seminalis,1502943,24.60438999489536,48.81094655651578,95620.64430421441
Veillonella_sp. CAG:933,1262980,8.779989790709541,5.8294742551596315,11419.940065857718
Veillonella_sp. S12025-13,2682455,5.359877488514552,3.5408046729104576,6936.436354231587
Veillonella_sp. T11011-6,2027459,6.227667177131191,3.816784040344509,7477.0799350348925
Veillonella_tobetsuensis,1110546,14.905564063297605,11.490285042289798,22509.468397845714
Weissella_bombi,1505725,2.654415518121489,0.6093343359999488,1193.6859642238996
Weissella_ceti,759620,0.20418580908626582,0.025681274968634715,50.30961766355541
Weissella_cibaria,137591,5.513016845329255,1.250328570293269,2449.393669204514
Weissella_coleopterorum,2714949,1.3782542113323082,0.254387745135473,498.3455927203916
Weissella_confusa,1583,6.023481368044925,3.932987986208171,7704.7234649818065
Weissella_diestrammenae,1162633,2.0418580908626804,0.25007065913005366,489.8884212357751
Weissella_halotolerans,1615,3.8284839203675314,0.6529906134667713,1279.2086117814051
Weissella_hellenica,46256,3.4201123021949997,0.40618118139047854,795.7089343439475
Weissella_jogaejeotgali,1631871,2.3991832567636595,0.6973439672542153,1366.096831851008
Weissella_kandleri,1616,1.8887187340479783,0.3112683935276321,609.7747829206312
Weissella_koreensis,165096,2.1949974476773826,0.26623819081148664,521.5606157997023
Weissella_minor,1620,3.011740684022457,0.34752898229861995,680.8092763229964
Weissella_oryzae,1129792,14.139867279224095,5.044507108540742,9882.189425631313
Weissella_paramesenteroides,1249,2.143950995405819,1.0598599308335066,2076.2656045028393
Weissella_soli,155866,2.5523226135783617,0.3555991244508101,696.618684799137
Weissella_sp. W-1,2834411,0.10209290454313846,0.02403794858616523,47.090341280297686
Weissella_thailandensis,89061,0.8677896886166381,0.3667708986264325,718.5041904091812
Weissella_viridescens,1629,1.939765186319553,0.21827704039985782,427.60472214332145
Winkia_neuii,33007,28.024502297090347,179.81127112286683,352250.2801296961
[Eubacterium] infirmum,56774,14.037774374680955,14.940395049587705,29268.233902142314
[Eubacterium] nodatum,35518,17.917304747320063,17.007687729372467,33318.06026184066
[Eubacterium] saphenum,51123,5.308831036242978,3.179998127372811,6229.616331523336
